tool,scenario,ctx,migrationTimeNs,rollbackTimeNs,exitCode,scriptLines,cpuUsage,memoryUsage,successRate
Flyway,Scen2,15,5553193539,0,0,13,0,0,100.0
Flyway,Scen2,16,2029872632,0,0,3,0,0,100.0
Flyway,Scen2,17,2170088971,0,0,3,0,0,100.0
Flyway,Scen2,18,41294001549,0,0,10,0,0,100.0
Flyway,Scen2,19,2142947409,0,0,6,0,0,100.0
Flyway,Scen2,20,4185818591,0,0,2,0,0,100.0
Flyway,Scen2,21,2369362412,0,0,3,0,0,100.0
Flyway,Scen2,22,2351712269,0,0,2,0,0,100.0
Flyway,Scen2,23,2041037608,0,0,3,0,0,100.0
Flyway,Scen2,24,4290297217,0,0,1,0,0,100.0
Flyway-R,Scen2,24,0,97992925,0,2,0,0,100.0
Flyway-R,Scen2,23,0,88282758,0,2,0,0,100.0
Flyway-R,Scen2,22,0,75833748,0,2,0,0,100.0
Flyway-R,Scen2,21,0,86072263,0,2,0,0,100.0
Flyway-R,Scen2,20,0,75822914,0,2,0,0,100.0
Flyway-R,Scen2,19,0,105677087,0,1,0,0,100.0
Flyway-R,Scen2,18,0,21304110641,0,54,0,0,100.0
Flyway-R,Scen2,17,0,99040660,0,1,0,0,100.0
Flyway-R,Scen2,16,0,114257954,0,1,0,0,100.0
Flyway-R,Scen2,15,0,298219744,0,1,0,0,100.0
Flyway,Scen2,15,1988266719,0,0,13,0,0,100.0
Flyway,Scen2,16,1999594067,0,0,3,0,0,100.0
Flyway,Scen2,17,2036409987,0,0,3,0,0,100.0
Flyway,Scen2,18,43193069322,0,0,10,0,0,100.0
Flyway,Scen2,19,2558517242,0,0,6,0,0,100.0
Flyway,Scen2,20,3251197077,0,0,2,0,0,100.0
Flyway,Scen2,21,2276228689,0,0,3,0,0,100.0
Flyway,Scen2,22,2319017226,0,0,2,0,0,100.0
Flyway,Scen2,23,2091883652,0,0,3,0,0,100.0
Flyway,Scen2,24,3407203809,0,0,1,0,0,100.0
Flyway-R,Scen2,24,0,76992371,0,2,0,0,100.0
Flyway-R,Scen2,23,0,91816492,0,2,0,0,100.0
Flyway-R,Scen2,22,0,78704571,0,2,0,0,100.0
Flyway-R,Scen2,21,0,104374528,0,2,0,0,100.0
Flyway-R,Scen2,20,0,80256082,0,2,0,0,100.0
Flyway-R,Scen2,19,0,220723606,0,1,0,0,100.0
Flyway-R,Scen2,18,0,23813342289,0,54,0,0,100.0
Flyway-R,Scen2,17,0,124044641,0,1,0,0,100.0
Flyway-R,Scen2,16,0,179681424,0,1,0,0,100.0
Flyway-R,Scen2,15,0,1304930618,0,1,0,0,100.0
Flyway,Scen2,15,1977991908,0,0,13,0,0,100.0
Flyway,Scen2,16,2142653372,0,0,3,0,0,100.0
Flyway,Scen2,17,2050139108,0,0,3,0,0,100.0
Flyway,Scen2,18,40458635238,0,0,10,0,0,100.0
Flyway,Scen2,19,2128268771,0,0,6,0,0,100.0
Flyway,Scen2,20,3350024773,0,0,2,0,0,100.0
Flyway,Scen2,21,2096573711,0,0,3,0,0,100.0
Flyway,Scen2,22,3940845262,0,0,2,0,0,100.0
Flyway,Scen2,23,2322468083,0,0,3,0,0,100.0
Flyway,Scen2,24,4297971353,0,0,1,0,0,100.0
Flyway-R,Scen2,24,0,80000555,0,2,0,0,100.0
Flyway-R,Scen2,23,0,91405789,0,2,0,0,100.0
Flyway-R,Scen2,22,0,80226898,0,2,0,0,100.0
Flyway-R,Scen2,21,0,90122050,0,2,0,0,100.0
Flyway-R,Scen2,20,0,77728008,0,2,0,0,100.0
Flyway-R,Scen2,19,0,91257544,0,1,0,0,100.0
Flyway-R,Scen2,18,0,20220285786,0,54,0,0,100.0
Flyway-R,Scen2,17,0,114083164,0,1,0,0,100.0
Flyway-R,Scen2,16,0,116078650,0,1,0,0,100.0
Flyway-R,Scen2,15,0,292077116,0,1,0,0,100.0
Flyway,Scen2,15,2007933234,0,0,13,0,0,100.0
Flyway,Scen2,16,2190573843,0,0,3,0,0,100.0
Flyway,Scen2,17,2146799335,0,0,3,0,0,100.0
Flyway,Scen2,18,42120736362,0,0,10,0,0,100.0
Flyway,Scen2,19,2328368003,0,0,6,0,0,100.0
Flyway,Scen2,20,3154593097,0,0,2,0,0,100.0
Flyway,Scen2,21,2257505969,0,0,3,0,0,100.0
Flyway,Scen2,22,2253926572,0,0,2,0,0,100.0
Flyway,Scen2,23,2243417217,0,0,3,0,0,100.0
Flyway,Scen2,24,3328390496,0,0,1,0,0,100.0
Flyway-R,Scen2,24,0,79917337,0,2,0,0,100.0
Flyway-R,Scen2,23,0,95458372,0,2,0,0,100.0
Flyway-R,Scen2,22,0,78272968,0,2,0,0,100.0
Flyway-R,Scen2,21,0,101178892,0,2,0,0,100.0
Flyway-R,Scen2,20,0,78136140,0,2,0,0,100.0
Flyway-R,Scen2,19,0,225033538,0,1,0,0,100.0
Flyway-R,Scen2,18,0,25372131456,0,54,0,0,100.0
Flyway-R,Scen2,17,0,139341919,0,1,0,0,100.0
Flyway-R,Scen2,16,0,200760101,0,1,0,0,100.0
Flyway-R,Scen2,15,0,1296866994,0,1,0,0,100.0
Flyway,Scen2,15,1990917928,0,0,13,0,0,100.0
Flyway,Scen2,16,2134506064,0,0,3,0,0,100.0
Flyway,Scen2,17,2127780431,0,0,3,0,0,100.0
Flyway,Scen2,18,39872000446,0,0,10,0,0,100.0
Flyway,Scen2,19,2208824301,0,0,6,0,0,100.0
Flyway,Scen2,20,3779666279,0,0,2,0,0,100.0
Flyway,Scen2,21,2053456820,0,0,3,0,0,100.0
Flyway,Scen2,22,2250710322,0,0,2,0,0,100.0
Flyway,Scen2,23,2132192875,0,0,3,0,0,100.0
Flyway,Scen2,24,4450796971,0,0,1,0,0,100.0
Flyway-R,Scen2,24,0,82067871,0,2,0,0,100.0
Flyway-R,Scen2,23,0,91624381,0,2,0,0,100.0
Flyway-R,Scen2,22,0,80135075,0,2,0,0,100.0
Flyway-R,Scen2,21,0,93322703,0,2,0,0,100.0
Flyway-R,Scen2,20,0,83401694,0,2,0,0,100.0
Flyway-R,Scen2,19,0,90504351,0,1,0,0,100.0
Flyway-R,Scen2,18,0,20722772345,0,54,0,0,100.0
Flyway-R,Scen2,17,0,109162887,0,1,0,0,100.0
Flyway-R,Scen2,16,0,117365450,0,1,0,0,100.0
Flyway-R,Scen2,15,0,294310413,0,1,0,0,100.0
Flyway,Scen2,15,1889441978,0,0,13,0,0,100.0
Flyway,Scen2,16,2138928216,0,0,3,0,0,100.0
Flyway,Scen2,17,2141298806,0,0,3,0,0,100.0
Flyway,Scen2,18,40040045088,0,0,10,0,0,100.0
Flyway,Scen2,19,2348771586,0,0,6,0,0,100.0
Flyway,Scen2,20,5221446294,0,0,2,0,0,100.0
Flyway,Scen2,21,7114025020,0,0,3,0,0,100.0
Flyway,Scen2,22,2273705284,0,0,2,0,0,100.0
Flyway,Scen2,23,2118676439,0,0,3,0,0,100.0
Flyway,Scen2,24,3161953365,0,0,1,0,0,100.0
Flyway-R,Scen2,24,0,80794202,0,2,0,0,100.0
Flyway-R,Scen2,23,0,152481130,0,2,0,0,100.0
Flyway-R,Scen2,22,0,78402848,0,2,0,0,100.0
Flyway-R,Scen2,21,0,273941254,0,2,0,0,100.0
Flyway-R,Scen2,20,0,78368092,0,2,0,0,100.0
Flyway-R,Scen2,19,0,135200244,0,1,0,0,100.0
Flyway-R,Scen2,18,0,22938366733,0,54,0,0,100.0
Flyway-R,Scen2,17,0,125182081,0,1,0,0,100.0
Flyway-R,Scen2,16,0,184873353,0,1,0,0,100.0
Flyway-R,Scen2,15,0,1375455580,0,1,0,0,100.0
Flyway,Scen2,15,2048868255,0,0,13,0,0,100.0
Flyway,Scen2,16,2120258801,0,0,3,0,0,100.0
Flyway,Scen2,17,2088116754,0,0,3,0,0,100.0
Flyway,Scen2,18,40763390159,0,0,10,0,0,100.0
Flyway,Scen2,19,2303555580,0,0,6,0,0,100.0
Flyway,Scen2,20,4010593521,0,0,2,0,0,100.0
Flyway,Scen2,21,2069901943,0,0,3,0,0,100.0
Flyway,Scen2,22,2212606252,0,0,2,0,0,100.0
Flyway,Scen2,23,2217352473,0,0,3,0,0,100.0
Flyway,Scen2,24,5914968499,0,0,1,0,0,100.0
Flyway-R,Scen2,24,0,81721109,0,2,0,0,100.0
Flyway-R,Scen2,23,0,94340476,0,2,0,0,100.0
Flyway-R,Scen2,22,0,82709531,0,2,0,0,100.0
Flyway-R,Scen2,21,0,93626462,0,2,0,0,100.0
Flyway-R,Scen2,20,0,82302360,0,2,0,0,100.0
Flyway-R,Scen2,19,0,93424396,0,1,0,0,100.0
Flyway-R,Scen2,18,0,18220679338,0,54,0,0,100.0
Flyway-R,Scen2,17,0,109730621,0,1,0,0,100.0
Flyway-R,Scen2,16,0,119757065,0,1,0,0,100.0
Flyway-R,Scen2,15,0,295386750,0,1,0,0,100.0
Flyway,Scen2,15,1918541669,0,0,13,0,0,100.0
Flyway,Scen2,16,2142159438,0,0,3,0,0,100.0
Flyway,Scen2,17,2150367954,0,0,3,0,0,100.0
Flyway,Scen2,18,41927020603,0,0,10,0,0,100.0
Flyway,Scen2,19,2394159126,0,0,6,0,0,100.0
Flyway,Scen2,20,3133253666,0,0,2,0,0,100.0
Flyway,Scen2,21,3807667848,0,0,3,0,0,100.0
Flyway,Scen2,22,2257793999,0,0,2,0,0,100.0
Flyway,Scen2,23,2207075137,0,0,3,0,0,100.0
Flyway,Scen2,24,3316677413,0,0,1,0,0,100.0
Flyway-R,Scen2,24,0,80452076,0,2,0,0,100.0
Flyway-R,Scen2,23,0,98404975,0,2,0,0,100.0
Flyway-R,Scen2,22,0,78969950,0,2,0,0,100.0
Flyway-R,Scen2,21,0,157617119,0,2,0,0,100.0
Flyway-R,Scen2,20,0,80881939,0,2,0,0,100.0
Flyway-R,Scen2,19,0,118728118,0,1,0,0,100.0
Flyway-R,Scen2,18,0,23353526267,0,54,0,0,100.0
Flyway-R,Scen2,17,0,126971447,0,1,0,0,100.0
Flyway-R,Scen2,16,0,190766781,0,1,0,0,100.0
Flyway-R,Scen2,15,0,291621086,0,1,0,0,100.0
Flyway,Scen2,15,2067544789,0,0,13,0,0,100.0
Flyway,Scen2,16,2168764624,0,0,3,0,0,100.0
Flyway,Scen2,17,2171577496,0,0,3,0,0,100.0
Flyway,Scen2,18,40447731068,0,0,10,0,0,100.0
Flyway,Scen2,19,2336967922,0,0,6,0,0,100.0
Flyway,Scen2,20,2697620410,0,0,2,0,0,100.0
Flyway,Scen2,21,2017872061,0,0,3,0,0,100.0
Flyway,Scen2,22,2210104686,0,0,2,0,0,100.0
Flyway,Scen2,23,2286915576,0,0,3,0,0,100.0
Flyway,Scen2,24,3328500874,0,0,1,0,0,100.0
Flyway-R,Scen2,24,0,78234951,0,2,0,0,100.0
Flyway-R,Scen2,23,0,95551655,0,2,0,0,100.0
Flyway-R,Scen2,22,0,83084331,0,2,0,0,100.0
Flyway-R,Scen2,21,0,91583273,0,2,0,0,100.0
Flyway-R,Scen2,20,0,80992159,0,2,0,0,100.0
Flyway-R,Scen2,19,0,91328430,0,1,0,0,100.0
Flyway-R,Scen2,18,0,23064164456,0,54,0,0,100.0
Flyway-R,Scen2,17,0,103328839,0,1,0,0,100.0
Flyway-R,Scen2,16,0,110138229,0,1,0,0,100.0
Flyway-R,Scen2,15,0,1304026374,0,1,0,0,100.0
Flyway,Scen2,15,1914046634,0,0,13,0,0,100.0
Flyway,Scen2,16,2106842025,0,0,3,0,0,100.0
Flyway,Scen2,17,2051436359,0,0,3,0,0,100.0
Flyway,Scen2,18,41036490237,0,0,10,0,0,100.0
Flyway,Scen2,19,2303656312,0,0,6,0,0,100.0
Flyway,Scen2,20,3314193008,0,0,2,0,0,100.0
Flyway,Scen2,21,2124461023,0,0,3,0,0,100.0
Flyway,Scen2,22,2266771862,0,0,2,0,0,100.0
Flyway,Scen2,23,3116505645,0,0,3,0,0,100.0
Flyway,Scen2,24,3763943282,0,0,1,0,0,100.0
Flyway-R,Scen2,24,0,80416662,0,2,0,0,100.0
Flyway-R,Scen2,23,0,110767618,0,2,0,0,100.0
Flyway-R,Scen2,22,0,82389294,0,2,0,0,100.0
Flyway-R,Scen2,21,0,92817804,0,2,0,0,100.0
Flyway-R,Scen2,20,0,81868235,0,2,0,0,100.0
Flyway-R,Scen2,19,0,104391093,0,1,0,0,100.0
Flyway-R,Scen2,18,0,22873219394,0,54,0,0,100.0
Flyway-R,Scen2,17,0,689486385,0,1,0,0,100.0
Flyway-R,Scen2,16,0,160428598,0,1,0,0,100.0
Flyway-R,Scen2,15,0,253346405,0,1,0,0,100.0
Flyway,Scen2,15,2176826546,0,0,13,0,0,100.0
Flyway,Scen2,16,2183616778,0,0,3,0,0,100.0
Flyway,Scen2,17,1987671758,0,0,3,0,0,100.0
Flyway,Scen2,18,43089409776,0,0,10,0,0,100.0
Flyway,Scen2,19,2386759495,0,0,6,0,0,100.0
Flyway,Scen2,20,3359870227,0,0,2,0,0,100.0
Flyway,Scen2,21,2139949584,0,0,3,0,0,100.0
Flyway,Scen2,22,2370524730,0,0,2,0,0,100.0
Flyway,Scen2,23,2188025754,0,0,3,0,0,100.0
Flyway,Scen2,24,3591988254,0,0,1,0,0,100.0
Flyway-R,Scen2,24,0,81731675,0,2,0,0,100.0
Flyway-R,Scen2,23,0,92449453,0,2,0,0,100.0
Flyway-R,Scen2,22,0,80553751,0,2,0,0,100.0
Flyway-R,Scen2,21,0,90346257,0,2,0,0,100.0
Flyway-R,Scen2,20,0,80745481,0,2,0,0,100.0
Flyway-R,Scen2,19,0,93708796,0,1,0,0,100.0
Flyway-R,Scen2,18,0,23290511891,0,54,0,0,100.0
Flyway-R,Scen2,17,0,110741557,0,1,0,0,100.0
Flyway-R,Scen2,16,0,124529136,0,1,0,0,100.0
Flyway-R,Scen2,15,0,1320673759,0,1,0,0,100.0
Flyway,Scen2,15,2148477940,0,0,13,0,0,100.0
Flyway,Scen2,16,2098988117,0,0,3,0,0,100.0
Flyway,Scen2,17,2204448488,0,0,3,0,0,100.0
Flyway,Scen2,18,40620593548,0,0,10,0,0,100.0
Flyway,Scen2,19,2366678638,0,0,6,0,0,100.0
Flyway,Scen2,20,4015060396,0,0,2,0,0,100.0
Flyway,Scen2,21,2383610711,0,0,3,0,0,100.0
Flyway,Scen2,22,2359927590,0,0,2,0,0,100.0
Flyway,Scen2,23,3609663863,0,0,3,0,0,100.0
Flyway,Scen2,24,3382443434,0,0,1,0,0,100.0
Flyway-R,Scen2,24,0,85625095,0,2,0,0,100.0
Flyway-R,Scen2,23,0,110695162,0,2,0,0,100.0
Flyway-R,Scen2,22,0,99139873,0,2,0,0,100.0
Flyway-R,Scen2,21,0,110836976,0,2,0,0,100.0
Flyway-R,Scen2,20,0,88846677,0,2,0,0,100.0
Flyway-R,Scen2,19,0,106168216,0,1,0,0,100.0
Flyway-R,Scen2,18,0,23385389067,0,54,0,0,100.0
Flyway-R,Scen2,17,0,123969324,0,1,0,0,100.0
Flyway-R,Scen2,16,0,167615252,0,1,0,0,100.0
Flyway-R,Scen2,15,0,255933037,0,1,0,0,100.0
Flyway,Scen2,15,2043416465,0,0,13,0,0,100.0
Flyway,Scen2,16,2223163175,0,0,3,0,0,100.0
Flyway,Scen2,17,2216448909,0,0,3,0,0,100.0
Flyway,Scen2,18,41248001437,0,0,10,0,0,100.0
Flyway,Scen2,19,2187538449,0,0,6,0,0,100.0
Flyway,Scen2,20,3797349728,0,0,2,0,0,100.0
Flyway,Scen2,21,2085006681,0,0,3,0,0,100.0
Flyway,Scen2,22,2146446721,0,0,2,0,0,100.0
Flyway,Scen2,23,2067237490,0,0,3,0,0,100.0
Flyway,Scen2,24,3341253536,0,0,1,0,0,100.0
Flyway-R,Scen2,24,0,78871007,0,2,0,0,100.0
Flyway-R,Scen2,23,0,90078924,0,2,0,0,100.0
Flyway-R,Scen2,22,0,79832862,0,2,0,0,100.0
Flyway-R,Scen2,21,0,89591911,0,2,0,0,100.0
Flyway-R,Scen2,20,0,80342056,0,2,0,0,100.0
Flyway-R,Scen2,19,0,90802228,0,1,0,0,100.0
Flyway-R,Scen2,18,0,22942291492,0,54,0,0,100.0
Flyway-R,Scen2,17,0,108548659,0,1,0,0,100.0
Flyway-R,Scen2,16,0,115810282,0,1,0,0,100.0
Flyway-R,Scen2,15,0,1317796069,0,1,0,0,100.0
Flyway,Scen2,15,1957876306,0,0,13,0,0,100.0
Flyway,Scen2,16,2132745590,0,0,3,0,0,100.0
Flyway,Scen2,17,2095620283,0,0,3,0,0,100.0
Flyway,Scen2,18,40605031417,0,0,10,0,0,100.0
Flyway,Scen2,19,2329678555,0,0,6,0,0,100.0
Flyway,Scen2,20,3163731348,0,0,2,0,0,100.0
Flyway,Scen2,21,2237798667,0,0,3,0,0,100.0
Flyway,Scen2,22,2390627253,0,0,2,0,0,100.0
Flyway,Scen2,23,2198910427,0,0,3,0,0,100.0
Flyway,Scen2,24,4459650768,0,0,1,0,0,100.0
Flyway-R,Scen2,24,0,80397539,0,2,0,0,100.0
Flyway-R,Scen2,23,0,95973035,0,2,0,0,100.0
Flyway-R,Scen2,22,0,83359619,0,2,0,0,100.0
Flyway-R,Scen2,21,0,92845544,0,2,0,0,100.0
Flyway-R,Scen2,20,0,103360491,0,2,0,0,100.0
Flyway-R,Scen2,19,0,145481025,0,1,0,0,100.0
Flyway-R,Scen2,18,0,21901139493,0,54,0,0,100.0
Flyway-R,Scen2,17,0,116993430,0,1,0,0,100.0
Flyway-R,Scen2,16,0,158051490,0,1,0,0,100.0
Flyway-R,Scen2,15,0,236049928,0,1,0,0,100.0
Flyway,Scen2,15,2068548373,0,0,13,0,0,100.0
Flyway,Scen2,16,2112107321,0,0,3,0,0,100.0
Flyway,Scen2,17,2116759446,0,0,3,0,0,100.0
Flyway,Scen2,18,40782338365,0,0,10,0,0,100.0
Flyway,Scen2,19,2266517684,0,0,6,0,0,100.0
Flyway,Scen2,20,3615389951,0,0,2,0,0,100.0
Flyway,Scen2,21,2091116077,0,0,3,0,0,100.0
Flyway,Scen2,22,2180191900,0,0,2,0,0,100.0
Flyway,Scen2,23,2290324875,0,0,3,0,0,100.0
Flyway,Scen2,24,3261445624,0,0,1,0,0,100.0
Flyway-R,Scen2,24,0,80427318,0,2,0,0,100.0
Flyway-R,Scen2,23,0,90405618,0,2,0,0,100.0
Flyway-R,Scen2,22,0,79528984,0,2,0,0,100.0
Flyway-R,Scen2,21,0,95006569,0,2,0,0,100.0
Flyway-R,Scen2,20,0,80229942,0,2,0,0,100.0
Flyway-R,Scen2,19,0,98860916,0,1,0,0,100.0
Flyway-R,Scen2,18,0,23274287695,0,54,0,0,100.0
Flyway-R,Scen2,17,0,102011411,0,1,0,0,100.0
Flyway-R,Scen2,16,0,122683796,0,1,0,0,100.0
Flyway-R,Scen2,15,0,1312019210,0,1,0,0,100.0
Flyway,Scen2,15,2129869362,0,0,13,0,0,100.0
Flyway,Scen2,16,2185784734,0,0,3,0,0,100.0
Flyway,Scen2,17,2054529853,0,0,3,0,0,100.0
Flyway,Scen2,18,39575012906,0,0,10,0,0,100.0
Flyway,Scen2,19,2267509457,0,0,6,0,0,100.0
Flyway,Scen2,20,3024584462,0,0,2,0,0,100.0
Flyway,Scen2,21,2211219010,0,0,3,0,0,100.0
Flyway,Scen2,22,2139217227,0,0,2,0,0,100.0
Flyway,Scen2,23,2172510348,0,0,3,0,0,100.0
Flyway,Scen2,24,5300760842,0,0,1,0,0,100.0
Flyway-R,Scen2,24,0,76369521,0,2,0,0,100.0
Flyway-R,Scen2,23,0,88772367,0,2,0,0,100.0
Flyway-R,Scen2,22,0,77597123,0,2,0,0,100.0
Flyway-R,Scen2,21,0,87709890,0,2,0,0,100.0
Flyway-R,Scen2,20,0,79297418,0,2,0,0,100.0
Flyway-R,Scen2,19,0,88280311,0,1,0,0,100.0
Flyway-R,Scen2,18,0,21298246575,0,54,0,0,100.0
Flyway-R,Scen2,17,0,107210224,0,1,0,0,100.0
Flyway-R,Scen2,16,0,165159200,0,1,0,0,100.0
Flyway-R,Scen2,15,0,290546481,0,1,0,0,100.0
Flyway,Scen2,15,1977947774,0,0,13,0,0,100.0
Flyway,Scen2,16,2071319781,0,0,3,0,0,100.0
Flyway,Scen2,17,2023353791,0,0,3,0,0,100.0
Flyway,Scen2,18,42125755044,0,0,10,0,0,100.0
Flyway,Scen2,19,2407634596,0,0,6,0,0,100.0
Flyway,Scen2,20,3259297267,0,0,2,0,0,100.0
Flyway,Scen2,21,2131312174,0,0,3,0,0,100.0
Flyway,Scen2,22,2340031338,0,0,2,0,0,100.0
Flyway,Scen2,23,2137189527,0,0,3,0,0,100.0
Flyway,Scen2,24,3201124781,0,0,1,0,0,100.0
Flyway-R,Scen2,24,0,79445936,0,2,0,0,100.0
Flyway-R,Scen2,23,0,92509744,0,2,0,0,100.0
Flyway-R,Scen2,22,0,82059026,0,2,0,0,100.0
Flyway-R,Scen2,21,0,126706740,0,2,0,0,100.0
Flyway-R,Scen2,20,0,80869032,0,2,0,0,100.0
Flyway-R,Scen2,19,0,152924559,0,1,0,0,100.0
Flyway-R,Scen2,18,0,23610381836,0,54,0,0,100.0
Flyway-R,Scen2,17,0,149338171,0,1,0,0,100.0
Flyway-R,Scen2,16,0,107484793,0,1,0,0,100.0
Flyway-R,Scen2,15,0,1314353811,0,1,0,0,100.0
Flyway,Scen2,15,2122943161,0,0,13,0,0,100.0
Flyway,Scen2,16,2179292356,0,0,3,0,0,100.0
Flyway,Scen2,17,2063584144,0,0,3,0,0,100.0
Flyway,Scen2,18,40726935371,0,0,10,0,0,100.0
Flyway,Scen2,19,2173498327,0,0,6,0,0,100.0
Flyway,Scen2,20,3368204633,0,0,2,0,0,100.0
Flyway,Scen2,21,2192747668,0,0,3,0,0,100.0
Flyway,Scen2,22,2277567048,0,0,2,0,0,100.0
Flyway,Scen2,23,2111851668,0,0,3,0,0,100.0
Flyway,Scen2,24,4277947430,0,0,1,0,0,100.0
Flyway-R,Scen2,24,0,79947688,0,2,0,0,100.0
Flyway-R,Scen2,23,0,88819284,0,2,0,0,100.0
Flyway-R,Scen2,22,0,79396017,0,2,0,0,100.0
Flyway-R,Scen2,21,0,90697205,0,2,0,0,100.0
Flyway-R,Scen2,20,0,79092978,0,2,0,0,100.0
Flyway-R,Scen2,19,0,91138336,0,1,0,0,100.0
Flyway-R,Scen2,18,0,21308360482,0,54,0,0,100.0
Flyway-R,Scen2,17,0,105574529,0,1,0,0,100.0
Flyway-R,Scen2,16,0,133345265,0,1,0,0,100.0
Flyway-R,Scen2,15,0,303003721,0,1,0,0,100.0
Flyway,Scen2,15,1959128733,0,0,13,0,0,100.0
Flyway,Scen2,16,2218312306,0,0,3,0,0,100.0
Flyway,Scen2,17,2083870075,0,0,3,0,0,100.0
Flyway,Scen2,18,41975067923,0,0,10,0,0,100.0
Flyway,Scen2,19,2545858767,0,0,6,0,0,100.0
Flyway,Scen2,20,3860590324,0,0,2,0,0,100.0
Flyway,Scen2,21,2269022724,0,0,3,0,0,100.0
Flyway,Scen2,22,2233028494,0,0,2,0,0,100.0
Flyway,Scen2,23,2123512547,0,0,3,0,0,100.0
Flyway,Scen2,24,3364951243,0,0,1,0,0,100.0
Flyway-R,Scen2,24,0,80228143,0,2,0,0,100.0
Flyway-R,Scen2,23,0,92761281,0,2,0,0,100.0
Flyway-R,Scen2,22,0,82094027,0,2,0,0,100.0
Flyway-R,Scen2,21,0,103584479,0,2,0,0,100.0
Flyway-R,Scen2,20,0,81475104,0,2,0,0,100.0
Flyway-R,Scen2,19,0,196713377,0,1,0,0,100.0
Flyway-R,Scen2,18,0,25639930318,0,54,0,0,100.0
Flyway-R,Scen2,17,0,121137110,0,1,0,0,100.0
Flyway-R,Scen2,16,0,182773266,0,1,0,0,100.0
Flyway-R,Scen2,15,0,1293115985,0,1,0,0,100.0
Flyway,Scen2,15,1897068259,0,0,13,0,0,100.0
Flyway,Scen2,16,2236683700,0,0,3,0,0,100.0
Flyway,Scen2,17,2068331476,0,0,3,0,0,100.0
Flyway,Scen2,18,39758465297,0,0,10,0,0,100.0
Flyway,Scen2,19,2187590002,0,0,6,0,0,100.0
Flyway,Scen2,20,3260491310,0,0,2,0,0,100.0
Flyway,Scen2,21,2289499905,0,0,3,0,0,100.0
Flyway,Scen2,22,2321999227,0,0,2,0,0,100.0
Flyway,Scen2,23,2240421730,0,0,3,0,0,100.0
Flyway,Scen2,24,4363662566,0,0,1,0,0,100.0
Flyway-R,Scen2,24,0,84975661,0,2,0,0,100.0
Flyway-R,Scen2,23,0,93560632,0,2,0,0,100.0
Flyway-R,Scen2,22,0,82571490,0,2,0,0,100.0
Flyway-R,Scen2,21,0,91561981,0,2,0,0,100.0
Flyway-R,Scen2,20,0,81166010,0,2,0,0,100.0
Flyway-R,Scen2,19,0,94783346,0,1,0,0,100.0
Flyway-R,Scen2,18,0,21694300913,0,54,0,0,100.0
Flyway-R,Scen2,17,0,102455537,0,1,0,0,100.0
Flyway-R,Scen2,16,0,125234106,0,1,0,0,100.0
Flyway-R,Scen2,15,0,301158602,0,1,0,0,100.0
Flyway,Scen2,15,2127844726,0,0,13,0,0,100.0
Flyway,Scen2,16,2269023263,0,0,3,0,0,100.0
Flyway,Scen2,17,2181543056,0,0,3,0,0,100.0
Flyway,Scen2,18,42668218163,0,0,10,0,0,100.0
Flyway,Scen2,19,3866645851,0,0,6,0,0,100.0
Flyway,Scen2,20,2878615426,0,0,2,0,0,100.0
Flyway,Scen2,21,2255047617,0,0,3,0,0,100.0
Flyway,Scen2,22,2250349136,0,0,2,0,0,100.0
Flyway,Scen2,23,2167609764,0,0,3,0,0,100.0
Flyway,Scen2,24,3340268629,0,0,1,0,0,100.0
Flyway-R,Scen2,24,0,80064727,0,2,0,0,100.0
Flyway-R,Scen2,23,0,89662069,0,2,0,0,100.0
Flyway-R,Scen2,22,0,77713342,0,2,0,0,100.0
Flyway-R,Scen2,21,0,128741023,0,2,0,0,100.0
Flyway-R,Scen2,20,0,87398487,0,2,0,0,100.0
Flyway-R,Scen2,19,0,387436946,0,1,0,0,100.0
Flyway-R,Scen2,18,0,24233019261,0,54,0,0,100.0
Flyway-R,Scen2,17,0,120983879,0,1,0,0,100.0
Flyway-R,Scen2,16,0,194600296,0,1,0,0,100.0
Flyway-R,Scen2,15,0,1308503207,0,1,0,0,100.0
Flyway,Scen2,15,2086073829,0,0,13,0,0,100.0
Flyway,Scen2,16,2364586319,0,0,3,0,0,100.0
Flyway,Scen2,17,2220080619,0,0,3,0,0,100.0
Flyway,Scen2,18,41966050157,0,0,10,0,0,100.0
Flyway,Scen2,19,2311748703,0,0,6,0,0,100.0
Flyway,Scen2,20,4072532793,0,0,2,0,0,100.0
Flyway,Scen2,21,2442007923,0,0,3,0,0,100.0
Flyway,Scen2,22,2396104165,0,0,2,0,0,100.0
Flyway,Scen2,23,2184129651,0,0,3,0,0,100.0
Flyway,Scen2,24,4438101377,0,0,1,0,0,100.0
Flyway-R,Scen2,24,0,80037794,0,2,0,0,100.0
Flyway-R,Scen2,23,0,90770933,0,2,0,0,100.0
Flyway-R,Scen2,22,0,89026770,0,2,0,0,100.0
Flyway-R,Scen2,21,0,91091120,0,2,0,0,100.0
Flyway-R,Scen2,20,0,79684962,0,2,0,0,100.0
Flyway-R,Scen2,19,0,95822872,0,1,0,0,100.0
Flyway-R,Scen2,18,0,21980638886,0,54,0,0,100.0
Flyway-R,Scen2,17,0,102157716,0,1,0,0,100.0
Flyway-R,Scen2,16,0,127286416,0,1,0,0,100.0
Flyway-R,Scen2,15,0,307424457,0,1,0,0,100.0
Flyway,Scen2,15,1988930864,0,0,13,0,0,100.0
Flyway,Scen2,16,2086307754,0,0,3,0,0,100.0
Flyway,Scen2,17,2178741372,0,0,3,0,0,100.0
Flyway,Scen2,18,43152466622,0,0,10,0,0,100.0
Flyway,Scen2,19,2549355275,0,0,6,0,0,100.0
Flyway,Scen2,20,3521728339,0,0,2,0,0,100.0
Flyway,Scen2,21,2284329550,0,0,3,0,0,100.0
Flyway,Scen2,22,2370059320,0,0,2,0,0,100.0
Flyway,Scen2,23,2150873837,0,0,3,0,0,100.0
Flyway,Scen2,24,3253831008,0,0,1,0,0,100.0
Flyway-R,Scen2,24,0,80971436,0,2,0,0,100.0
Flyway-R,Scen2,23,0,92712909,0,2,0,0,100.0
Flyway-R,Scen2,22,0,80733080,0,2,0,0,100.0
Flyway-R,Scen2,21,0,96854911,0,2,0,0,100.0
Flyway-R,Scen2,20,0,78567480,0,2,0,0,100.0
Flyway-R,Scen2,19,0,194956976,0,1,0,0,100.0
Flyway-R,Scen2,18,0,24325006522,0,54,0,0,100.0
Flyway-R,Scen2,17,0,129039250,0,1,0,0,100.0
Flyway-R,Scen2,16,0,187823799,0,1,0,0,100.0
Flyway-R,Scen2,15,0,1314135596,0,1,0,0,100.0
Flyway,Scen2,15,2095717754,0,0,13,0,0,100.0
Flyway,Scen2,16,2188080888,0,0,3,0,0,100.0
Flyway,Scen2,17,2170559094,0,0,3,0,0,100.0
Flyway,Scen2,18,41048665622,0,0,10,0,0,100.0
Flyway,Scen2,19,2077535821,0,0,6,0,0,100.0
Flyway,Scen2,20,3848507547,0,0,2,0,0,100.0
Flyway,Scen2,21,2292843166,0,0,3,0,0,100.0
Flyway,Scen2,22,2377633742,0,0,2,0,0,100.0
Flyway,Scen2,23,3063014024,0,0,3,0,0,100.0
Flyway,Scen2,24,4453790677,0,0,1,0,0,100.0
Flyway-R,Scen2,24,0,79828943,0,2,0,0,100.0
Flyway-R,Scen2,23,0,91834288,0,2,0,0,100.0
Flyway-R,Scen2,22,0,81414253,0,2,0,0,100.0
Flyway-R,Scen2,21,0,91611141,0,2,0,0,100.0
Flyway-R,Scen2,20,0,80189224,0,2,0,0,100.0
Flyway-R,Scen2,19,0,92072139,0,1,0,0,100.0
Flyway-R,Scen2,18,0,20994324648,0,54,0,0,100.0
Flyway-R,Scen2,17,0,107801595,0,1,0,0,100.0
Flyway-R,Scen2,16,0,129556453,0,1,0,0,100.0
Flyway-R,Scen2,15,0,333216704,0,1,0,0,100.0
Flyway,Scen2,15,2100876551,0,0,13,0,0,100.0
Flyway,Scen2,16,2216148269,0,0,3,0,0,100.0
Flyway,Scen2,17,2122551722,0,0,3,0,0,100.0
Flyway,Scen2,18,42917687503,0,0,10,0,0,100.0
Flyway,Scen2,19,2613847452,0,0,6,0,0,100.0
Flyway,Scen2,20,3395887645,0,0,2,0,0,100.0
Flyway,Scen2,21,2124846966,0,0,3,0,0,100.0
Flyway,Scen2,22,2294284890,0,0,2,0,0,100.0
Flyway,Scen2,23,2170245823,0,0,3,0,0,100.0
Flyway,Scen2,24,3345214729,0,0,1,0,0,100.0
Flyway-R,Scen2,24,0,80696003,0,2,0,0,100.0
Flyway-R,Scen2,23,0,91633589,0,2,0,0,100.0
Flyway-R,Scen2,22,0,80408416,0,2,0,0,100.0
Flyway-R,Scen2,21,0,91018087,0,2,0,0,100.0
Flyway-R,Scen2,20,0,82819351,0,2,0,0,100.0
Flyway-R,Scen2,19,0,194066107,0,1,0,0,100.0
Flyway-R,Scen2,18,0,23865969534,0,54,0,0,100.0
Flyway-R,Scen2,17,0,138259269,0,1,0,0,100.0
Flyway-R,Scen2,16,0,189119498,0,1,0,0,100.0
Flyway-R,Scen2,15,0,1317172594,0,1,0,0,100.0
Flyway,Scen2,15,2019285746,0,0,13,0,0,100.0
Flyway,Scen2,16,2133471654,0,0,3,0,0,100.0
Flyway,Scen2,17,2302062837,0,0,3,0,0,100.0
Flyway,Scen2,18,40563386548,0,0,10,0,0,100.0
Flyway,Scen2,19,2144206368,0,0,6,0,0,100.0
Flyway,Scen2,20,3418966646,0,0,2,0,0,100.0
Flyway,Scen2,21,2424623632,0,0,3,0,0,100.0
Flyway,Scen2,22,2310007709,0,0,2,0,0,100.0
Flyway,Scen2,23,2221103701,0,0,3,0,0,100.0
Flyway,Scen2,24,4409538164,0,0,1,0,0,100.0
Flyway-R,Scen2,24,0,79477066,0,2,0,0,100.0
Flyway-R,Scen2,23,0,92650075,0,2,0,0,100.0
Flyway-R,Scen2,22,0,85136058,0,2,0,0,100.0
Flyway-R,Scen2,21,0,117425986,0,2,0,0,100.0
Flyway-R,Scen2,20,0,79780398,0,2,0,0,100.0
Flyway-R,Scen2,19,0,91610129,0,1,0,0,100.0
Flyway-R,Scen2,18,0,21284264260,0,54,0,0,100.0
Flyway-R,Scen2,17,0,102530952,0,1,0,0,100.0
Flyway-R,Scen2,16,0,126627699,0,1,0,0,100.0
Flyway-R,Scen2,15,0,295751668,0,1,0,0,100.0
Flyway,Scen2,15,1943462381,0,0,13,0,0,100.0
Flyway,Scen2,16,2188845973,0,0,3,0,0,100.0
Flyway,Scen2,17,2102963019,0,0,3,0,0,100.0
Flyway,Scen2,18,41822801090,0,0,10,0,0,100.0
Flyway,Scen2,19,2483795841,0,0,6,0,0,100.0
Flyway,Scen2,20,4086574547,0,0,2,0,0,100.0
Flyway,Scen2,21,2277151900,0,0,3,0,0,100.0
Flyway,Scen2,22,2234437746,0,0,2,0,0,100.0
Flyway,Scen2,23,2089968160,0,0,3,0,0,100.0
Flyway,Scen2,24,3282728443,0,0,1,0,0,100.0
Flyway-R,Scen2,24,0,79880476,0,2,0,0,100.0
Flyway-R,Scen2,23,0,120571731,0,2,0,0,100.0
Flyway-R,Scen2,22,0,91673294,0,2,0,0,100.0
Flyway-R,Scen2,21,0,102133548,0,2,0,0,100.0
Flyway-R,Scen2,20,0,80448944,0,2,0,0,100.0
Flyway-R,Scen2,19,0,188055647,0,1,0,0,100.0
Flyway-R,Scen2,18,0,25451525323,0,54,0,0,100.0
Flyway-R,Scen2,17,0,122323583,0,1,0,0,100.0
Flyway-R,Scen2,16,0,179290619,0,1,0,0,100.0
Flyway-R,Scen2,15,0,1301438712,0,1,0,0,100.0
Flyway,Scen2,15,2013598968,0,0,13,0,0,100.0
Flyway,Scen2,16,2202433063,0,0,3,0,0,100.0
Flyway,Scen2,17,2105829341,0,0,3,0,0,100.0
Flyway,Scen2,18,40079421497,0,0,10,0,0,100.0
Flyway,Scen2,19,2043405527,0,0,6,0,0,100.0
Flyway,Scen2,20,3327926445,0,0,2,0,0,100.0
Flyway,Scen2,21,2166965392,0,0,3,0,0,100.0
Flyway,Scen2,22,2284197395,0,0,2,0,0,100.0
Flyway,Scen2,23,2109505186,0,0,3,0,0,100.0
Flyway,Scen2,24,4306658453,0,0,1,0,0,100.0
Flyway-R,Scen2,24,0,83088944,0,2,0,0,100.0
Flyway-R,Scen2,23,0,93405900,0,2,0,0,100.0
Flyway-R,Scen2,22,0,81849367,0,2,0,0,100.0
Flyway-R,Scen2,21,0,112596312,0,2,0,0,100.0
Flyway-R,Scen2,20,0,82924733,0,2,0,0,100.0
Flyway-R,Scen2,19,0,93925345,0,1,0,0,100.0
Flyway-R,Scen2,18,0,21300805900,0,54,0,0,100.0
Flyway-R,Scen2,17,0,102357187,0,1,0,0,100.0
Flyway-R,Scen2,16,0,113730690,0,1,0,0,100.0
Flyway-R,Scen2,15,0,300244512,0,1,0,0,100.0
Flyway,Scen2,15,1842810655,0,0,13,0,0,100.0
Flyway,Scen2,16,2111053402,0,0,3,0,0,100.0
Flyway,Scen2,17,2022405239,0,0,3,0,0,100.0
Flyway,Scen2,18,42006804074,0,0,10,0,0,100.0
Flyway,Scen2,19,2677759510,0,0,6,0,0,100.0
Flyway,Scen2,20,3331050064,0,0,2,0,0,100.0
Flyway,Scen2,21,3806509216,0,0,3,0,0,100.0
Flyway,Scen2,22,2330316636,0,0,2,0,0,100.0
Flyway,Scen2,23,2114991923,0,0,3,0,0,100.0
Flyway,Scen2,24,3233554832,0,0,1,0,0,100.0
Flyway-R,Scen2,24,0,77323962,0,2,0,0,100.0
Flyway-R,Scen2,23,0,94359634,0,2,0,0,100.0
Flyway-R,Scen2,22,0,80562254,0,2,0,0,100.0
Flyway-R,Scen2,21,0,137409585,0,2,0,0,100.0
Flyway-R,Scen2,20,0,78222615,0,2,0,0,100.0
Flyway-R,Scen2,19,0,362352599,0,1,0,0,100.0
Flyway-R,Scen2,18,0,23628483111,0,54,0,0,100.0
Flyway-R,Scen2,17,0,128819907,0,1,0,0,100.0
Flyway-R,Scen2,16,0,182872277,0,1,0,0,100.0
Flyway-R,Scen2,15,0,1303228631,0,1,0,0,100.0
Flyway,Scen2,15,1954266867,0,0,13,0,0,100.0
Flyway,Scen2,16,2097823296,0,0,3,0,0,100.0
Flyway,Scen2,17,2061228131,0,0,3,0,0,100.0
Flyway,Scen2,18,40220319394,0,0,10,0,0,100.0
Flyway,Scen2,19,2291776991,0,0,6,0,0,100.0
Flyway,Scen2,20,3341898632,0,0,2,0,0,100.0
Flyway,Scen2,21,2080622525,0,0,3,0,0,100.0
Flyway,Scen2,22,2291171116,0,0,2,0,0,100.0
Flyway,Scen2,23,3963022681,0,0,3,0,0,100.0
Flyway,Scen2,24,4335271318,0,0,1,0,0,100.0
Flyway-R,Scen2,24,0,79545592,0,2,0,0,100.0
Flyway-R,Scen2,23,0,91310623,0,2,0,0,100.0
Flyway-R,Scen2,22,0,78681705,0,2,0,0,100.0
Flyway-R,Scen2,21,0,89951583,0,2,0,0,100.0
Flyway-R,Scen2,20,0,79484010,0,2,0,0,100.0
Flyway-R,Scen2,19,0,93013611,0,1,0,0,100.0
Flyway-R,Scen2,18,0,20198827199,0,54,0,0,100.0
Flyway-R,Scen2,17,0,102564490,0,1,0,0,100.0
Flyway-R,Scen2,16,0,121100517,0,1,0,0,100.0
Flyway-R,Scen2,15,0,296466059,0,1,0,0,100.0
Flyway,Scen2,15,2064145702,0,0,13,0,0,100.0
Flyway,Scen2,16,2114279253,0,0,3,0,0,100.0
Flyway,Scen2,17,2065386313,0,0,3,0,0,100.0
Flyway,Scen2,18,41220955347,0,0,10,0,0,100.0
Flyway,Scen2,19,2433089262,0,0,6,0,0,100.0
Flyway,Scen2,20,3332868705,0,0,2,0,0,100.0
Flyway,Scen2,21,2506255013,0,0,3,0,0,100.0
Flyway,Scen2,22,2429007938,0,0,2,0,0,100.0
Flyway,Scen2,23,2228206072,0,0,3,0,0,100.0
Flyway,Scen2,24,3438717803,0,0,1,0,0,100.0
Flyway-R,Scen2,24,0,80337564,0,2,0,0,100.0
Flyway-R,Scen2,23,0,97660071,0,2,0,0,100.0
Flyway-R,Scen2,22,0,81958439,0,2,0,0,100.0
Flyway-R,Scen2,21,0,103754892,0,2,0,0,100.0
Flyway-R,Scen2,20,0,95561667,0,2,0,0,100.0
Flyway-R,Scen2,19,0,216105734,0,1,0,0,100.0
Flyway-R,Scen2,18,0,25243822916,0,54,0,0,100.0
Flyway-R,Scen2,17,0,119447168,0,1,0,0,100.0
Flyway-R,Scen2,16,0,189074545,0,1,0,0,100.0
Flyway-R,Scen2,15,0,1305911718,0,1,0,0,100.0
Flyway,Scen2,15,1961427272,0,0,13,0,0,100.0
Flyway,Scen2,16,2178705245,0,0,3,0,0,100.0
Flyway,Scen2,17,2068576714,0,0,3,0,0,100.0
Flyway,Scen2,18,40571709544,0,0,10,0,0,100.0
Flyway,Scen2,19,2173892230,0,0,6,0,0,100.0
Flyway,Scen2,20,3560281913,0,0,2,0,0,100.0
Flyway,Scen2,21,2089465036,0,0,3,0,0,100.0
Flyway,Scen2,22,2164362476,0,0,2,0,0,100.0
Flyway,Scen2,23,2043617801,0,0,3,0,0,100.0
Flyway,Scen2,24,4273359288,0,0,1,0,0,100.0
Flyway-R,Scen2,24,0,76732785,0,2,0,0,100.0
Flyway-R,Scen2,23,0,87803883,0,2,0,0,100.0
Flyway-R,Scen2,22,0,76216547,0,2,0,0,100.0
Flyway-R,Scen2,21,0,86999951,0,2,0,0,100.0
Flyway-R,Scen2,20,0,75403747,0,2,0,0,100.0
Flyway-R,Scen2,19,0,88297745,0,1,0,0,100.0
Flyway-R,Scen2,18,0,20532859442,0,54,0,0,100.0
Flyway-R,Scen2,17,0,106834153,0,1,0,0,100.0
Flyway-R,Scen2,16,0,120230285,0,1,0,0,100.0
Flyway-R,Scen2,15,0,287471809,0,1,0,0,100.0
Flyway,Scen2,15,1906925671,0,0,13,0,0,100.0
Flyway,Scen2,16,2066024801,0,0,3,0,0,100.0
Flyway,Scen2,17,2093081239,0,0,3,0,0,100.0
Flyway,Scen2,18,40777880586,0,0,10,0,0,100.0
Flyway,Scen2,19,2223833883,0,0,6,0,0,100.0
Flyway,Scen2,20,5065488850,0,0,2,0,0,100.0
Flyway,Scen2,21,3637160266,0,0,3,0,0,100.0
Flyway,Scen2,22,2189759669,0,0,2,0,0,100.0
Flyway,Scen2,23,2105816828,0,0,3,0,0,100.0
Flyway,Scen2,24,3074770664,0,0,1,0,0,100.0
Flyway-R,Scen2,24,0,1503678570,0,2,0,0,100.0
Flyway-R,Scen2,23,0,1053135039,0,2,0,0,100.0
Flyway-R,Scen2,22,0,129677988,0,2,0,0,100.0
Flyway-R,Scen2,21,0,164721805,0,2,0,0,100.0
Flyway-R,Scen2,20,0,81690150,0,2,0,0,100.0
Flyway-R,Scen2,19,0,107558078,0,1,0,0,100.0
Flyway-R,Scen2,18,0,22245113585,0,54,0,0,100.0
Flyway-R,Scen2,17,0,115753272,0,1,0,0,100.0
Flyway-R,Scen2,16,0,179959894,0,1,0,0,100.0
Flyway-R,Scen2,15,0,275770507,0,1,0,0,100.0
Flyway,Scen2,15,1908388156,0,0,13,0,0,100.0
Flyway,Scen2,16,2052164683,0,0,3,0,0,100.0
Flyway,Scen2,17,2038127669,0,0,3,0,0,100.0
Flyway,Scen2,18,40811419108,0,0,10,0,0,100.0
Flyway,Scen2,19,2224677787,0,0,6,0,0,100.0
Flyway,Scen2,20,3578680842,0,0,2,0,0,100.0
Flyway,Scen2,21,2143681585,0,0,3,0,0,100.0
Flyway,Scen2,22,2250236636,0,0,2,0,0,100.0
Flyway,Scen2,23,2182124747,0,0,3,0,0,100.0
Flyway,Scen2,24,3436175722,0,0,1,0,0,100.0
Flyway-R,Scen2,24,0,81630709,0,2,0,0,100.0
Flyway-R,Scen2,23,0,97732706,0,2,0,0,100.0
Flyway-R,Scen2,22,0,84627078,0,2,0,0,100.0
Flyway-R,Scen2,21,0,95494418,0,2,0,0,100.0
Flyway-R,Scen2,20,0,86903571,0,2,0,0,100.0
Flyway-R,Scen2,19,0,97259224,0,1,0,0,100.0
Flyway-R,Scen2,18,0,22501480341,0,54,0,0,100.0
Flyway-R,Scen2,17,0,108540897,0,1,0,0,100.0
Flyway-R,Scen2,16,0,117351556,0,1,0,0,100.0
Flyway-R,Scen2,15,0,1320888800,0,1,0,0,100.0
Flyway,Scen2,15,1995174478,0,0,13,0,0,100.0
Flyway,Scen2,16,2110026318,0,0,3,0,0,100.0
Flyway,Scen2,17,2076732108,0,0,3,0,0,100.0
Flyway,Scen2,18,41244521829,0,0,10,0,0,100.0
Flyway,Scen2,19,2322735935,0,0,6,0,0,100.0
Flyway,Scen2,20,5905149188,0,0,2,0,0,100.0
Flyway,Scen2,21,3723760256,0,0,3,0,0,100.0
Flyway,Scen2,22,2329767013,0,0,2,0,0,100.0
Flyway,Scen2,23,2321742562,0,0,3,0,0,100.0
Flyway,Scen2,24,3333580524,0,0,1,0,0,100.0
Flyway-R,Scen2,24,0,83407226,0,2,0,0,100.0
Flyway-R,Scen2,23,0,102684584,0,2,0,0,100.0
Flyway-R,Scen2,22,0,81535418,0,2,0,0,100.0
Flyway-R,Scen2,21,0,262395363,0,2,0,0,100.0
Flyway-R,Scen2,20,0,83727931,0,2,0,0,100.0
Flyway-R,Scen2,19,0,109004219,0,1,0,0,100.0
Flyway-R,Scen2,18,0,20991470323,0,54,0,0,100.0
Flyway-R,Scen2,17,0,123480091,0,1,0,0,100.0
Flyway-R,Scen2,16,0,184166146,0,1,0,0,100.0
Flyway-R,Scen2,15,0,274827180,0,1,0,0,100.0
Flyway,Scen2,15,2017038210,0,0,13,0,0,100.0
Flyway,Scen2,16,2147462952,0,0,3,0,0,100.0
Flyway,Scen2,17,2148227867,0,0,3,0,0,100.0
Flyway,Scen2,18,40298366295,0,0,10,0,0,100.0
Flyway,Scen2,19,2212555767,0,0,6,0,0,100.0
Flyway,Scen2,20,3773675447,0,0,2,0,0,100.0
Flyway,Scen2,21,2220223352,0,0,3,0,0,100.0
Flyway,Scen2,22,2146762518,0,0,2,0,0,100.0
Flyway,Scen2,23,2075879832,0,0,3,0,0,100.0
Flyway,Scen2,24,3193025120,0,0,1,0,0,100.0
Flyway-R,Scen2,24,0,80311323,0,2,0,0,100.0
Flyway-R,Scen2,23,0,91513805,0,2,0,0,100.0
Flyway-R,Scen2,22,0,88306184,0,2,0,0,100.0
Flyway-R,Scen2,21,0,92037788,0,2,0,0,100.0
Flyway-R,Scen2,20,0,79402507,0,2,0,0,100.0
Flyway-R,Scen2,19,0,93224511,0,1,0,0,100.0
Flyway-R,Scen2,18,0,25182246426,0,54,0,0,100.0
Flyway-R,Scen2,17,0,125703350,0,1,0,0,100.0
Flyway-R,Scen2,16,0,125266579,0,1,0,0,100.0
Flyway-R,Scen2,15,0,1296940378,0,1,0,0,100.0
Flyway,Scen2,15,2005828927,0,0,13,0,0,100.0
Flyway,Scen2,16,2139884074,0,0,3,0,0,100.0
Flyway,Scen2,17,2116481626,0,0,3,0,0,100.0
Flyway,Scen2,18,41850713693,0,0,10,0,0,100.0
Flyway,Scen2,19,2457174565,0,0,6,0,0,100.0
Flyway,Scen2,20,3279429503,0,0,2,0,0,100.0
Flyway,Scen2,21,2365106677,0,0,3,0,0,100.0
Flyway,Scen2,22,3114992894,0,0,2,0,0,100.0
Flyway,Scen2,23,3053376907,0,0,3,0,0,100.0
Flyway,Scen2,24,3421810140,0,0,1,0,0,100.0
Flyway-R,Scen2,24,0,79179155,0,2,0,0,100.0
Flyway-R,Scen2,23,0,114085100,0,2,0,0,100.0
Flyway-R,Scen2,22,0,81653288,0,2,0,0,100.0
Flyway-R,Scen2,21,0,92855898,0,2,0,0,100.0
Flyway-R,Scen2,20,0,83801891,0,2,0,0,100.0
Flyway-R,Scen2,19,0,105995881,0,1,0,0,100.0
Flyway-R,Scen2,18,0,23143431947,0,54,0,0,100.0
Flyway-R,Scen2,17,0,129917598,0,1,0,0,100.0
Flyway-R,Scen2,16,0,182917945,0,1,0,0,100.0
Flyway-R,Scen2,15,0,274179119,0,1,0,0,100.0
Flyway,Scen2,15,2029739481,0,0,13,0,0,100.0
Flyway,Scen2,16,2153357844,0,0,3,0,0,100.0
Flyway,Scen2,17,2094449382,0,0,3,0,0,100.0
Flyway,Scen2,18,40378087737,0,0,10,0,0,100.0
Flyway,Scen2,19,2115615828,0,0,6,0,0,100.0
Flyway,Scen2,20,3939568908,0,0,2,0,0,100.0
Flyway,Scen2,21,2129737850,0,0,3,0,0,100.0
Flyway,Scen2,22,3312365974,0,0,2,0,0,100.0
Flyway,Scen2,23,2099139212,0,0,3,0,0,100.0
Flyway,Scen2,24,3405685011,0,0,1,0,0,100.0
Flyway-R,Scen2,24,0,79767049,0,2,0,0,100.0
Flyway-R,Scen2,23,0,90423223,0,2,0,0,100.0
Flyway-R,Scen2,22,0,80086382,0,2,0,0,100.0
Flyway-R,Scen2,21,0,91298094,0,2,0,0,100.0
Flyway-R,Scen2,20,0,84049831,0,2,0,0,100.0
Flyway-R,Scen2,19,0,91437284,0,1,0,0,100.0
Flyway-R,Scen2,18,0,22766371886,0,54,0,0,100.0
Flyway-R,Scen2,17,0,106105972,0,1,0,0,100.0
Flyway-R,Scen2,16,0,121548215,0,1,0,0,100.0
Flyway-R,Scen2,15,0,1307952030,0,1,0,0,100.0
Flyway,Scen2,15,2014578404,0,0,13,0,0,100.0
Flyway,Scen2,16,2161706704,0,0,3,0,0,100.0
Flyway,Scen2,17,2159702093,0,0,3,0,0,100.0
Flyway,Scen2,18,39834398271,0,0,10,0,0,100.0
Flyway,Scen2,19,2238254709,0,0,6,0,0,100.0
Flyway,Scen2,20,3690979800,0,0,2,0,0,100.0
Flyway,Scen2,21,2168355167,0,0,3,0,0,100.0
Flyway,Scen2,22,2194473844,0,0,2,0,0,100.0
Flyway,Scen2,23,2173146807,0,0,3,0,0,100.0
Flyway,Scen2,24,4378221765,0,0,1,0,0,100.0
Flyway-R,Scen2,24,0,83705723,0,2,0,0,100.0
Flyway-R,Scen2,23,0,92194063,0,2,0,0,100.0
Flyway-R,Scen2,22,0,80883773,0,2,0,0,100.0
Flyway-R,Scen2,21,0,91711533,0,2,0,0,100.0
Flyway-R,Scen2,20,0,79834361,0,2,0,0,100.0
Flyway-R,Scen2,19,0,91219578,0,1,0,0,100.0
Flyway-R,Scen2,18,0,20952838935,0,54,0,0,100.0
Flyway-R,Scen2,17,0,117008267,0,1,0,0,100.0
Flyway-R,Scen2,16,0,151975275,0,1,0,0,100.0
Flyway-R,Scen2,15,0,237159143,0,1,0,0,100.0
Flyway,Scen2,15,1916491072,0,0,13,0,0,100.0
Flyway,Scen2,16,2127957902,0,0,3,0,0,100.0
Flyway,Scen2,17,2122843398,0,0,3,0,0,100.0
Flyway,Scen2,18,40730754979,0,0,10,0,0,100.0
Flyway,Scen2,19,2729096461,0,0,6,0,0,100.0
Flyway,Scen2,20,2716480768,0,0,2,0,0,100.0
Flyway,Scen2,21,2040458009,0,0,3,0,0,100.0
Flyway,Scen2,22,2229888660,0,0,2,0,0,100.0
Flyway,Scen2,23,2111212922,0,0,3,0,0,100.0
Flyway,Scen2,24,3384753841,0,0,1,0,0,100.0
Flyway-R,Scen2,24,0,81145610,0,2,0,0,100.0
Flyway-R,Scen2,23,0,90026548,0,2,0,0,100.0
Flyway-R,Scen2,22,0,81376081,0,2,0,0,100.0
Flyway-R,Scen2,21,0,93541122,0,2,0,0,100.0
Flyway-R,Scen2,20,0,81936614,0,2,0,0,100.0
Flyway-R,Scen2,19,0,106033647,0,1,0,0,100.0
Flyway-R,Scen2,18,0,23685438867,0,54,0,0,100.0
Flyway-R,Scen2,17,0,105130516,0,1,0,0,100.0
Flyway-R,Scen2,16,0,112405853,0,1,0,0,100.0
Flyway-R,Scen2,15,0,1306911100,0,1,0,0,100.0
Flyway,Scen2,15,2012937853,0,0,13,0,0,100.0
Flyway,Scen2,16,2123755261,0,0,3,0,0,100.0
Flyway,Scen2,17,2002310343,0,0,3,0,0,100.0
Flyway,Scen2,18,39326498444,0,0,10,0,0,100.0
Flyway,Scen2,19,2162550488,0,0,6,0,0,100.0
Flyway,Scen2,20,3748087962,0,0,2,0,0,100.0
Flyway,Scen2,21,2138158268,0,0,3,0,0,100.0
Flyway,Scen2,22,2346354427,0,0,2,0,0,100.0
Flyway,Scen2,23,2165017142,0,0,3,0,0,100.0
Flyway,Scen2,24,4200493574,0,0,1,0,0,100.0
Flyway-R,Scen2,24,0,78699575,0,2,0,0,100.0
Flyway-R,Scen2,23,0,90241975,0,2,0,0,100.0
Flyway-R,Scen2,22,0,78761779,0,2,0,0,100.0
Flyway-R,Scen2,21,0,86460416,0,2,0,0,100.0
Flyway-R,Scen2,20,0,78769015,0,2,0,0,100.0
Flyway-R,Scen2,19,0,92599901,0,1,0,0,100.0
Flyway-R,Scen2,18,0,22293472285,0,54,0,0,100.0
Flyway-R,Scen2,17,0,109452295,0,1,0,0,100.0
Flyway-R,Scen2,16,0,156691555,0,1,0,0,100.0
Flyway-R,Scen2,15,0,300283534,0,1,0,0,100.0
Flyway,Scen2,15,1990301251,0,0,13,0,0,100.0
Flyway,Scen2,16,2130288492,0,0,3,0,0,100.0
Flyway,Scen2,17,2078389041,0,0,3,0,0,100.0
Flyway,Scen2,18,39930280525,0,0,10,0,0,100.0
Flyway,Scen2,19,2402408436,0,0,6,0,0,100.0
Flyway,Scen2,20,2802076053,0,0,2,0,0,100.0
Flyway,Scen2,21,2320154874,0,0,3,0,0,100.0
Flyway,Scen2,22,2214588867,0,0,2,0,0,100.0
Flyway,Scen2,23,2071751252,0,0,3,0,0,100.0
Flyway,Scen2,24,3259469153,0,0,1,0,0,100.0
Flyway-R,Scen2,24,0,78506975,0,2,0,0,100.0
Flyway-R,Scen2,23,0,88184991,0,2,0,0,100.0
Flyway-R,Scen2,22,0,77969202,0,2,0,0,100.0
Flyway-R,Scen2,21,0,121546258,0,2,0,0,100.0
Flyway-R,Scen2,20,0,79110955,0,2,0,0,100.0
Flyway-R,Scen2,19,0,187406812,0,1,0,0,100.0
Flyway-R,Scen2,18,0,23759902501,0,54,0,0,100.0
Flyway-R,Scen2,17,0,125450706,0,1,0,0,100.0
Flyway-R,Scen2,16,0,203470249,0,1,0,0,100.0
Flyway-R,Scen2,15,0,1310574214,0,1,0,0,100.0
Flyway,Scen2,15,1898990551,0,0,13,0,0,100.0
Flyway,Scen2,16,1944220976,0,0,3,0,0,100.0
Flyway,Scen2,17,2051313133,0,0,3,0,0,100.0
Flyway,Scen2,18,39244848226,0,0,10,0,0,100.0
Flyway,Scen2,19,2100638519,0,0,6,0,0,100.0
Flyway,Scen2,20,3252137495,0,0,2,0,0,100.0
Flyway,Scen2,21,2058496845,0,0,3,0,0,100.0
Flyway,Scen2,22,2451729833,0,0,2,0,0,100.0
Flyway,Scen2,23,2156877004,0,0,3,0,0,100.0
Flyway,Scen2,24,4325596458,0,0,1,0,0,100.0
Flyway-R,Scen2,24,0,79761737,0,2,0,0,100.0
Flyway-R,Scen2,23,0,91348423,0,2,0,0,100.0
Flyway-R,Scen2,22,0,78737090,0,2,0,0,100.0
Flyway-R,Scen2,21,0,88324277,0,2,0,0,100.0
Flyway-R,Scen2,20,0,79635519,0,2,0,0,100.0
Flyway-R,Scen2,19,0,90372009,0,1,0,0,100.0
Flyway-R,Scen2,18,0,22177528680,0,54,0,0,100.0
Flyway-R,Scen2,17,0,97748153,0,1,0,0,100.0
Flyway-R,Scen2,16,0,117211274,0,1,0,0,100.0
Flyway-R,Scen2,15,0,296297097,0,1,0,0,100.0
Flyway,Scen2,15,1940452100,0,0,13,0,0,100.0
Flyway,Scen2,16,2017390508,0,0,3,0,0,100.0
Flyway,Scen2,17,2027768075,0,0,3,0,0,100.0
Flyway,Scen2,18,41679125581,0,0,10,0,0,100.0
Flyway,Scen2,19,2408684720,0,0,6,0,0,100.0
Flyway,Scen2,20,3245079447,0,0,2,0,0,100.0
Flyway,Scen2,21,2234574015,0,0,3,0,0,100.0
Flyway,Scen2,22,2286989617,0,0,2,0,0,100.0
Flyway,Scen2,23,2109884782,0,0,3,0,0,100.0
Flyway,Scen2,24,3192753818,0,0,1,0,0,100.0
Flyway-R,Scen2,24,0,76076331,0,2,0,0,100.0
Flyway-R,Scen2,23,0,90988658,0,2,0,0,100.0
Flyway-R,Scen2,22,0,74970322,0,2,0,0,100.0
Flyway-R,Scen2,21,0,96546548,0,2,0,0,100.0
Flyway-R,Scen2,20,0,76592392,0,2,0,0,100.0
Flyway-R,Scen2,19,0,189171949,0,1,0,0,100.0
Flyway-R,Scen2,18,0,23747911540,0,54,0,0,100.0
Flyway-R,Scen2,17,0,123284396,0,1,0,0,100.0
Flyway-R,Scen2,16,0,180924830,0,1,0,0,100.0
Flyway-R,Scen2,15,0,1303416103,0,1,0,0,100.0
Flyway,Scen2,15,1886706170,0,0,13,0,0,100.0
Flyway,Scen2,16,1945766878,0,0,3,0,0,100.0
Flyway,Scen2,17,2112374541,0,0,3,0,0,100.0
Flyway,Scen2,18,39409047488,0,0,10,0,0,100.0
Flyway,Scen2,19,2254792580,0,0,6,0,0,100.0
Flyway,Scen2,20,3321897151,0,0,2,0,0,100.0
Flyway,Scen2,21,2093686886,0,0,3,0,0,100.0
Flyway,Scen2,22,2193351605,0,0,2,0,0,100.0
Flyway,Scen2,23,2052099497,0,0,3,0,0,100.0
Flyway,Scen2,24,4221380343,0,0,1,0,0,100.0
Flyway-R,Scen2,24,0,79794706,0,2,0,0,100.0
Flyway-R,Scen2,23,0,90279740,0,2,0,0,100.0
Flyway-R,Scen2,22,0,78913616,0,2,0,0,100.0
Flyway-R,Scen2,21,0,90138307,0,2,0,0,100.0
Flyway-R,Scen2,20,0,78263236,0,2,0,0,100.0
Flyway-R,Scen2,19,0,91813734,0,1,0,0,100.0
Flyway-R,Scen2,18,0,22743578582,0,54,0,0,100.0
Flyway-R,Scen2,17,0,136508987,0,1,0,0,100.0
Flyway-R,Scen2,16,0,177620437,0,1,0,0,100.0
Flyway-R,Scen2,15,0,289655444,0,1,0,0,100.0
Flyway,Scen2,15,1962138678,0,0,13,0,0,100.0
Flyway,Scen2,16,2111773500,0,0,3,0,0,100.0
Flyway,Scen2,17,2026141770,0,0,3,0,0,100.0
Flyway,Scen2,18,41093490304,0,0,10,0,0,100.0
Flyway,Scen2,19,2180487410,0,0,6,0,0,100.0
Flyway,Scen2,20,3160830325,0,0,2,0,0,100.0
Flyway,Scen2,21,3795191166,0,0,3,0,0,100.0
Flyway,Scen2,22,2119270200,0,0,2,0,0,100.0
Flyway,Scen2,23,2146845705,0,0,3,0,0,100.0
Flyway,Scen2,24,3473593198,0,0,1,0,0,100.0
Flyway-R,Scen2,24,0,81056806,0,2,0,0,100.0
Flyway-R,Scen2,23,0,102284159,0,2,0,0,100.0
Flyway-R,Scen2,22,0,80730692,0,2,0,0,100.0
Flyway-R,Scen2,21,0,161428869,0,2,0,0,100.0
Flyway-R,Scen2,20,0,78633380,0,2,0,0,100.0
Flyway-R,Scen2,19,0,106863148,0,1,0,0,100.0
Flyway-R,Scen2,18,0,25145472362,0,54,0,0,100.0
Flyway-R,Scen2,17,0,121188749,0,1,0,0,100.0
Flyway-R,Scen2,16,0,174529864,0,1,0,0,100.0
Flyway-R,Scen2,15,0,285128231,0,1,0,0,100.0
Flyway,Scen2,15,1990032406,0,0,13,0,0,100.0
Flyway,Scen2,16,2066369814,0,0,3,0,0,100.0
Flyway,Scen2,17,1938279063,0,0,3,0,0,100.0
Flyway,Scen2,18,39120795301,0,0,10,0,0,100.0
Flyway,Scen2,19,2078992243,0,0,6,0,0,100.0
Flyway,Scen2,20,3336428639,0,0,2,0,0,100.0
Flyway,Scen2,21,2127868952,0,0,3,0,0,100.0
Flyway,Scen2,22,2121375702,0,0,2,0,0,100.0
Flyway,Scen2,23,2074793808,0,0,3,0,0,100.0
Flyway,Scen2,24,3049949047,0,0,1,0,0,100.0
Flyway-R,Scen2,24,0,76476553,0,2,0,0,100.0
Flyway-R,Scen2,23,0,86594090,0,2,0,0,100.0
Flyway-R,Scen2,22,0,75809580,0,2,0,0,100.0
Flyway-R,Scen2,21,0,85470871,0,2,0,0,100.0
Flyway-R,Scen2,20,0,75625021,0,2,0,0,100.0
Flyway-R,Scen2,19,0,90011375,0,1,0,0,100.0
Flyway-R,Scen2,18,0,22686772453,0,54,0,0,100.0
Flyway-R,Scen2,17,0,104088409,0,1,0,0,100.0
Flyway-R,Scen2,16,0,111767766,0,1,0,0,100.0
Flyway-R,Scen2,15,0,1314539562,0,1,0,0,100.0
Flyway,Scen2,15,1925200322,0,0,13,0,0,100.0
Flyway,Scen2,16,2053285425,0,0,3,0,0,100.0
Flyway,Scen2,17,2019597298,0,0,3,0,0,100.0
Flyway,Scen2,18,39272693959,0,0,10,0,0,100.0
Flyway,Scen2,19,2104005308,0,0,6,0,0,100.0
Flyway,Scen2,20,3672410787,0,0,2,0,0,100.0
Flyway,Scen2,21,2069627278,0,0,3,0,0,100.0
Flyway,Scen2,22,2202193687,0,0,2,0,0,100.0
Flyway,Scen2,23,2193433394,0,0,3,0,0,100.0
Flyway,Scen2,24,4188631025,0,0,1,0,0,100.0
Flyway-R,Scen2,24,0,77689791,0,2,0,0,100.0
Flyway-R,Scen2,23,0,91311558,0,2,0,0,100.0
Flyway-R,Scen2,22,0,75714562,0,2,0,0,100.0
Flyway-R,Scen2,21,0,86352675,0,2,0,0,100.0
Flyway-R,Scen2,20,0,75865874,0,2,0,0,100.0
Flyway-R,Scen2,19,0,89168591,0,1,0,0,100.0
Flyway-R,Scen2,18,0,21454166605,0,54,0,0,100.0
Flyway-R,Scen2,17,0,112206868,0,1,0,0,100.0
Flyway-R,Scen2,16,0,153170159,0,1,0,0,100.0
Flyway-R,Scen2,15,0,232670848,0,1,0,0,100.0
Flyway,Scen2,15,1947860148,0,0,13,0,0,100.0
Flyway,Scen2,16,1952372114,0,0,3,0,0,100.0
Flyway,Scen2,17,2062554048,0,0,3,0,0,100.0
Flyway,Scen2,18,39364549682,0,0,10,0,0,100.0
Flyway,Scen2,19,2282145052,0,0,6,0,0,100.0
Flyway,Scen2,20,3387943623,0,0,2,0,0,100.0
Flyway,Scen2,21,2127781553,0,0,3,0,0,100.0
Flyway,Scen2,22,2214295230,0,0,2,0,0,100.0
Flyway,Scen2,23,2074862906,0,0,3,0,0,100.0
Flyway,Scen2,24,3123971874,0,0,1,0,0,100.0
Flyway-R,Scen2,24,0,75637541,0,2,0,0,100.0
Flyway-R,Scen2,23,0,90394011,0,2,0,0,100.0
Flyway-R,Scen2,22,0,76162136,0,2,0,0,100.0
Flyway-R,Scen2,21,0,87025715,0,2,0,0,100.0
Flyway-R,Scen2,20,0,75121520,0,2,0,0,100.0
Flyway-R,Scen2,19,0,117495842,0,1,0,0,100.0
Flyway-R,Scen2,18,0,22857219229,0,54,0,0,100.0
Flyway-R,Scen2,17,0,96494495,0,1,0,0,100.0
Flyway-R,Scen2,16,0,109879426,0,1,0,0,100.0
Flyway-R,Scen2,15,0,1345564928,0,1,0,0,100.0
Flyway,Scen2,15,1900936728,0,0,13,0,0,100.0
Flyway,Scen2,16,1981902313,0,0,3,0,0,100.0
Flyway,Scen2,17,2037170624,0,0,3,0,0,100.0
Flyway,Scen2,18,39570354555,0,0,10,0,0,100.0
Flyway,Scen2,19,2077608688,0,0,6,0,0,100.0
Flyway,Scen2,20,3029505222,0,0,2,0,0,100.0
Flyway,Scen2,21,2247820770,0,0,3,0,0,100.0
Flyway,Scen2,22,2211241301,0,0,2,0,0,100.0
Flyway,Scen2,23,1972682470,0,0,3,0,0,100.0
Flyway,Scen2,24,4227118758,0,0,1,0,0,100.0
Flyway-R,Scen2,24,0,76648209,0,2,0,0,100.0
Flyway-R,Scen2,23,0,88177182,0,2,0,0,100.0
Flyway-R,Scen2,22,0,75953946,0,2,0,0,100.0
Flyway-R,Scen2,21,0,88425464,0,2,0,0,100.0
Flyway-R,Scen2,20,0,76180117,0,2,0,0,100.0
Flyway-R,Scen2,19,0,88072518,0,1,0,0,100.0
Flyway-R,Scen2,18,0,20736185533,0,54,0,0,100.0
Flyway-R,Scen2,17,0,101152483,0,1,0,0,100.0
Flyway-R,Scen2,16,0,127409113,0,1,0,0,100.0
Flyway-R,Scen2,15,0,296438201,0,1,0,0,100.0
Flyway,Scen2,15,2015165524,0,0,13,0,0,100.0
Flyway,Scen2,16,2014195677,0,0,3,0,0,100.0
Flyway,Scen2,17,2077082778,0,0,3,0,0,100.0
Flyway,Scen2,18,40782242295,0,0,10,0,0,100.0
Flyway,Scen2,19,2553707166,0,0,6,0,0,100.0
Flyway,Scen2,20,3486288682,0,0,2,0,0,100.0
Flyway,Scen2,21,2232034629,0,0,3,0,0,100.0
Flyway,Scen2,22,2347309588,0,0,2,0,0,100.0
Flyway,Scen2,23,2053329372,0,0,3,0,0,100.0
Flyway,Scen2,24,3199646283,0,0,1,0,0,100.0
Flyway-R,Scen2,24,0,77087233,0,2,0,0,100.0
Flyway-R,Scen2,23,0,85217172,0,2,0,0,100.0
Flyway-R,Scen2,22,0,75166191,0,2,0,0,100.0
Flyway-R,Scen2,21,0,95326876,0,2,0,0,100.0
Flyway-R,Scen2,20,0,81142950,0,2,0,0,100.0
Flyway-R,Scen2,19,0,191682235,0,1,0,0,100.0
Flyway-R,Scen2,18,0,23180025623,0,54,0,0,100.0
Flyway-R,Scen2,17,0,119463558,0,1,0,0,100.0
Flyway-R,Scen2,16,0,175531747,0,1,0,0,100.0
Flyway-R,Scen2,15,0,1301432763,0,1,0,0,100.0
Flyway,Scen2,15,1883282158,0,0,13,0,0,100.0
Flyway,Scen2,16,2035767685,0,0,3,0,0,100.0
Flyway,Scen2,17,2019180733,0,0,3,0,0,100.0
Flyway,Scen2,18,39511931529,0,0,10,0,0,100.0
Flyway,Scen2,19,2174026469,0,0,6,0,0,100.0
Flyway,Scen2,20,3480157147,0,0,2,0,0,100.0
Flyway,Scen2,21,2050070404,0,0,3,0,0,100.0
Flyway,Scen2,22,2101485048,0,0,2,0,0,100.0
Flyway,Scen2,23,2083967733,0,0,3,0,0,100.0
Flyway,Scen2,24,4370245457,0,0,1,0,0,100.0
Flyway-R,Scen2,24,0,75983050,0,2,0,0,100.0
Flyway-R,Scen2,23,0,87062816,0,2,0,0,100.0
Flyway-R,Scen2,22,0,75755006,0,2,0,0,100.0
Flyway-R,Scen2,21,0,88220475,0,2,0,0,100.0
Flyway-R,Scen2,20,0,76227813,0,2,0,0,100.0
Flyway-R,Scen2,19,0,88405119,0,1,0,0,100.0
Flyway-R,Scen2,18,0,20001607981,0,54,0,0,100.0
Flyway-R,Scen2,17,0,104411787,0,1,0,0,100.0
Flyway-R,Scen2,16,0,115447802,0,1,0,0,100.0
Flyway-R,Scen2,15,0,289133743,0,1,0,0,100.0
Flyway,Scen2,15,1850542484,0,0,13,0,0,100.0
Flyway,Scen2,16,2056941312,0,0,3,0,0,100.0
Flyway,Scen2,17,2072023490,0,0,3,0,0,100.0
Flyway,Scen2,18,39740395075,0,0,10,0,0,100.0
Flyway,Scen2,19,2123182540,0,0,6,0,0,100.0
Flyway,Scen2,20,2899500695,0,0,2,0,0,100.0
Flyway,Scen2,21,2193645899,0,0,3,0,0,100.0
Flyway,Scen2,22,2198165819,0,0,2,0,0,100.0
Flyway,Scen2,23,3107815770,0,0,3,0,0,100.0
Flyway,Scen2,24,3191067740,0,0,1,0,0,100.0
Flyway-R,Scen2,24,0,78147663,0,2,0,0,100.0
Flyway-R,Scen2,23,0,106116345,0,2,0,0,100.0
Flyway-R,Scen2,22,0,77985566,0,2,0,0,100.0
Flyway-R,Scen2,21,0,89850894,0,2,0,0,100.0
Flyway-R,Scen2,20,0,79020121,0,2,0,0,100.0
Flyway-R,Scen2,19,0,99185762,0,1,0,0,100.0
Flyway-R,Scen2,18,0,22795413369,0,54,0,0,100.0
Flyway-R,Scen2,17,0,114940098,0,1,0,0,100.0
Flyway-R,Scen2,16,0,158612246,0,1,0,0,100.0
Flyway-R,Scen2,15,0,254665874,0,1,0,0,100.0
Flyway,Scen2,15,1941469891,0,0,13,0,0,100.0
Flyway,Scen2,16,1949283408,0,0,3,0,0,100.0
Flyway,Scen2,17,2085081417,0,0,3,0,0,100.0
Flyway,Scen2,18,39617204596,0,0,10,0,0,100.0
Flyway,Scen2,19,2160040672,0,0,6,0,0,100.0
Flyway,Scen2,20,3182983443,0,0,2,0,0,100.0
Flyway,Scen2,21,2153777030,0,0,3,0,0,100.0
Flyway,Scen2,22,2066323724,0,0,2,0,0,100.0
Flyway,Scen2,23,2020038908,0,0,3,0,0,100.0
Flyway,Scen2,24,3345738994,0,0,1,0,0,100.0
Flyway-R,Scen2,24,0,79089488,0,2,0,0,100.0
Flyway-R,Scen2,23,0,87866439,0,2,0,0,100.0
Flyway-R,Scen2,22,0,79586663,0,2,0,0,100.0
Flyway-R,Scen2,21,0,88577169,0,2,0,0,100.0
Flyway-R,Scen2,20,0,78158365,0,2,0,0,100.0
Flyway-R,Scen2,19,0,90846156,0,1,0,0,100.0
Flyway-R,Scen2,18,0,23342194080,0,54,0,0,100.0
Flyway-R,Scen2,17,0,103542204,0,1,0,0,100.0
Flyway-R,Scen2,16,0,117214384,0,1,0,0,100.0
Flyway-R,Scen2,15,0,1310769630,0,1,0,0,100.0
Flyway,Scen2,15,1935410045,0,0,13,0,0,100.0
Flyway,Scen2,16,1894557246,0,0,3,0,0,100.0
Flyway,Scen2,17,2058456856,0,0,3,0,0,100.0
Flyway,Scen2,18,39301496073,0,0,10,0,0,100.0
Flyway,Scen2,19,2171861462,0,0,6,0,0,100.0
Flyway,Scen2,20,3164331012,0,0,2,0,0,100.0
Flyway,Scen2,21,2093283046,0,0,3,0,0,100.0
Flyway,Scen2,22,2294200238,0,0,2,0,0,100.0
Flyway,Scen2,23,2018666333,0,0,3,0,0,100.0
Flyway,Scen2,24,4253034804,0,0,1,0,0,100.0
Flyway-R,Scen2,24,0,76984638,0,2,0,0,100.0
Flyway-R,Scen2,23,0,86311482,0,2,0,0,100.0
Flyway-R,Scen2,22,0,75752094,0,2,0,0,100.0
Flyway-R,Scen2,21,0,85933747,0,2,0,0,100.0
Flyway-R,Scen2,20,0,75892425,0,2,0,0,100.0
Flyway-R,Scen2,19,0,89787507,0,1,0,0,100.0
Flyway-R,Scen2,18,0,22716563333,0,54,0,0,100.0
Flyway-R,Scen2,17,0,110370705,0,1,0,0,100.0
Flyway-R,Scen2,16,0,169311958,0,1,0,0,100.0
Flyway-R,Scen2,15,0,299427111,0,1,0,0,100.0
Flyway,Scen2,15,1905840940,0,0,13,0,0,100.0
Flyway,Scen2,16,1979778512,0,0,3,0,0,100.0
Flyway,Scen2,17,2192255788,0,0,3,0,0,100.0
Flyway,Scen2,18,39998067642,0,0,10,0,0,100.0
Flyway,Scen2,19,2263902484,0,0,6,0,0,100.0
Flyway,Scen2,20,3308829888,0,0,2,0,0,100.0
Flyway,Scen2,21,1996290612,0,0,3,0,0,100.0
Flyway,Scen2,22,2198354631,0,0,2,0,0,100.0
Flyway,Scen2,23,2153453856,0,0,3,0,0,100.0
Flyway,Scen2,24,3139665543,0,0,1,0,0,100.0
Flyway-R,Scen2,24,0,77160624,0,2,0,0,100.0
Flyway-R,Scen2,23,0,87208062,0,2,0,0,100.0
Flyway-R,Scen2,22,0,78413482,0,2,0,0,100.0
Flyway-R,Scen2,21,0,87039541,0,2,0,0,100.0
Flyway-R,Scen2,20,0,76821870,0,2,0,0,100.0
Flyway-R,Scen2,19,0,135946575,0,1,0,0,100.0
Flyway-R,Scen2,18,0,23383476063,0,54,0,0,100.0
Flyway-R,Scen2,17,0,97467226,0,1,0,0,100.0
Flyway-R,Scen2,16,0,106952902,0,1,0,0,100.0
Flyway-R,Scen2,15,0,1320811558,0,1,0,0,100.0
Flyway,Scen2,15,1961095778,0,0,13,0,0,100.0
Flyway,Scen2,16,2059142224,0,0,3,0,0,100.0
Flyway,Scen2,17,2026060792,0,0,3,0,0,100.0
Flyway,Scen2,18,39139460233,0,0,10,0,0,100.0
Flyway,Scen2,19,2022073069,0,0,6,0,0,100.0
Flyway,Scen2,20,3203400937,0,0,2,0,0,100.0
Flyway,Scen2,21,2232478840,0,0,3,0,0,100.0
Flyway,Scen2,22,2284412019,0,0,2,0,0,100.0
Flyway,Scen2,23,2056060357,0,0,3,0,0,100.0
Flyway,Scen2,24,4366609459,0,0,1,0,0,100.0
Flyway-R,Scen2,24,0,80143095,0,2,0,0,100.0
Flyway-R,Scen2,23,0,90043484,0,2,0,0,100.0
Flyway-R,Scen2,22,0,78320676,0,2,0,0,100.0
Flyway-R,Scen2,21,0,90691721,0,2,0,0,100.0
Flyway-R,Scen2,20,0,78111314,0,2,0,0,100.0
Flyway-R,Scen2,19,0,89657667,0,1,0,0,100.0
Flyway-R,Scen2,18,0,22279106707,0,54,0,0,100.0
Flyway-R,Scen2,17,0,102572748,0,1,0,0,100.0
Flyway-R,Scen2,16,0,126184737,0,1,0,0,100.0
Flyway-R,Scen2,15,0,292255979,0,1,0,0,100.0
Flyway,Scen2,15,1939456077,0,0,13,0,0,100.0
Flyway,Scen2,16,2116743438,0,0,3,0,0,100.0
Flyway,Scen2,17,2032018202,0,0,3,0,0,100.0
Flyway,Scen2,18,41317458202,0,0,10,0,0,100.0
Flyway,Scen2,19,2416906767,0,0,6,0,0,100.0
Flyway,Scen2,20,3231767179,0,0,2,0,0,100.0
Flyway,Scen2,21,2135887299,0,0,3,0,0,100.0
Flyway,Scen2,22,2260392174,0,0,2,0,0,100.0
Flyway,Scen2,23,2070485201,0,0,3,0,0,100.0
Flyway,Scen2,24,3295880750,0,0,1,0,0,100.0
Flyway-R,Scen2,24,0,75923150,0,2,0,0,100.0
Flyway-R,Scen2,23,0,87589572,0,2,0,0,100.0
Flyway-R,Scen2,22,0,74944287,0,2,0,0,100.0
Flyway-R,Scen2,21,0,101259124,0,2,0,0,100.0
Flyway-R,Scen2,20,0,76773821,0,2,0,0,100.0
Flyway-R,Scen2,19,0,194701921,0,1,0,0,100.0
Flyway-R,Scen2,18,0,23348997280,0,54,0,0,100.0
Flyway-R,Scen2,17,0,116782948,0,1,0,0,100.0
Flyway-R,Scen2,16,0,176385940,0,1,0,0,100.0
Flyway-R,Scen2,15,0,1302561063,0,1,0,0,100.0
Flyway,Scen2,15,1830417244,0,0,13,0,0,100.0
Flyway,Scen2,16,1988074546,0,0,3,0,0,100.0
Flyway,Scen2,17,1982496185,0,0,3,0,0,100.0
Flyway,Scen2,18,39562943480,0,0,10,0,0,100.0
Flyway,Scen2,19,2182040282,0,0,6,0,0,100.0
Flyway,Scen2,20,3195441050,0,0,2,0,0,100.0
Flyway,Scen2,21,2023593760,0,0,3,0,0,100.0
Flyway,Scen2,22,2104027948,0,0,2,0,0,100.0
Flyway,Scen2,23,2061691036,0,0,3,0,0,100.0
Flyway,Scen2,24,4311159390,0,0,1,0,0,100.0
Flyway-R,Scen2,24,0,75551724,0,2,0,0,100.0
Flyway-R,Scen2,23,0,90600934,0,2,0,0,100.0
Flyway-R,Scen2,22,0,75459411,0,2,0,0,100.0
Flyway-R,Scen2,21,0,88058139,0,2,0,0,100.0
Flyway-R,Scen2,20,0,73934960,0,2,0,0,100.0
Flyway-R,Scen2,19,0,86051486,0,1,0,0,100.0
Flyway-R,Scen2,18,0,21383553314,0,54,0,0,100.0
Flyway-R,Scen2,17,0,121563463,0,1,0,0,100.0
Flyway-R,Scen2,16,0,150762830,0,1,0,0,100.0
Flyway-R,Scen2,15,0,284490345,0,1,0,0,100.0
Flyway,Scen2,15,1856681659,0,0,13,0,0,100.0
Flyway,Scen2,16,2031850335,0,0,3,0,0,100.0
Flyway,Scen2,17,2021830157,0,0,3,0,0,100.0
Flyway,Scen2,18,39827900370,0,0,10,0,0,100.0
Flyway,Scen2,19,2219096360,0,0,6,0,0,100.0
Flyway,Scen2,20,2862584364,0,0,2,0,0,100.0
Flyway,Scen2,21,2040288570,0,0,3,0,0,100.0
Flyway,Scen2,22,2344537774,0,0,2,0,0,100.0
Flyway,Scen2,23,3455719027,0,0,3,0,0,100.0
Flyway,Scen2,24,3280902658,0,0,1,0,0,100.0
Flyway-R,Scen2,24,0,77025262,0,2,0,0,100.0
Flyway-R,Scen2,23,0,100518929,0,2,0,0,100.0
Flyway-R,Scen2,22,0,79638491,0,2,0,0,100.0
Flyway-R,Scen2,21,0,85344755,0,2,0,0,100.0
Flyway-R,Scen2,20,0,74724833,0,2,0,0,100.0
Flyway-R,Scen2,19,0,94292421,0,1,0,0,100.0
Flyway-R,Scen2,18,0,22905944597,0,54,0,0,100.0
Flyway-R,Scen2,17,0,115681593,0,1,0,0,100.0
Flyway-R,Scen2,16,0,153391545,0,1,0,0,100.0
Flyway-R,Scen2,15,0,255875698,0,1,0,0,100.0
Flyway,Scen2,15,1914364204,0,0,13,0,0,100.0
Flyway,Scen2,16,1979395813,0,0,3,0,0,100.0
Flyway,Scen2,17,1978736093,0,0,3,0,0,100.0
Flyway,Scen2,18,39778638799,0,0,10,0,0,100.0
Flyway,Scen2,19,2171411277,0,0,6,0,0,100.0
Flyway,Scen2,20,3270890267,0,0,2,0,0,100.0
Flyway,Scen2,21,2010801696,0,0,3,0,0,100.0
Flyway,Scen2,22,2046680224,0,0,2,0,0,100.0
Flyway,Scen2,23,2081277419,0,0,3,0,0,100.0
Flyway,Scen2,24,3152129510,0,0,1,0,0,100.0
Flyway-R,Scen2,24,0,79125617,0,2,0,0,100.0
Flyway-R,Scen2,23,0,87809523,0,2,0,0,100.0
Flyway-R,Scen2,22,0,81068437,0,2,0,0,100.0
Flyway-R,Scen2,21,0,85865733,0,2,0,0,100.0
Flyway-R,Scen2,20,0,74870480,0,2,0,0,100.0
Flyway-R,Scen2,19,0,87810793,0,1,0,0,100.0
Flyway-R,Scen2,18,0,22454825267,0,54,0,0,100.0
Flyway-R,Scen2,17,0,109630852,0,1,0,0,100.0
Flyway-R,Scen2,16,0,111687592,0,1,0,0,100.0
Flyway-R,Scen2,15,0,1308702640,0,1,0,0,100.0
Flyway,Scen2,15,2001343066,0,0,13,0,0,100.0
Flyway,Scen2,16,2107104755,0,0,3,0,0,100.0
Flyway,Scen2,17,2006117493,0,0,3,0,0,100.0
Flyway,Scen2,18,39510940168,0,0,10,0,0,100.0
Flyway,Scen2,19,2340627922,0,0,6,0,0,100.0
Flyway,Scen2,20,3251284296,0,0,2,0,0,100.0
Flyway,Scen2,21,2127246698,0,0,3,0,0,100.0
Flyway,Scen2,22,2238274810,0,0,2,0,0,100.0
Flyway,Scen2,23,2198613749,0,0,3,0,0,100.0
Flyway,Scen2,24,4300109396,0,0,1,0,0,100.0
Flyway-R,Scen2,24,0,80449262,0,2,0,0,100.0
Flyway-R,Scen2,23,0,90596587,0,2,0,0,100.0
Flyway-R,Scen2,22,0,79142540,0,2,0,0,100.0
Flyway-R,Scen2,21,0,91375434,0,2,0,0,100.0
Flyway-R,Scen2,20,0,80642089,0,2,0,0,100.0
Flyway-R,Scen2,19,0,91064890,0,1,0,0,100.0
Flyway-R,Scen2,18,0,22875791516,0,54,0,0,100.0
Flyway-R,Scen2,17,0,105129707,0,1,0,0,100.0
Flyway-R,Scen2,16,0,171066930,0,1,0,0,100.0
Flyway-R,Scen2,15,0,302301041,0,1,0,0,100.0
Flyway,Scen2,15,2052905955,0,0,13,0,0,100.0
Flyway,Scen2,16,1970234676,0,0,3,0,0,100.0
Flyway,Scen2,17,2064337206,0,0,3,0,0,100.0
Flyway,Scen2,18,40181363930,0,0,10,0,0,100.0
Flyway,Scen2,19,2212980075,0,0,6,0,0,100.0
Flyway,Scen2,20,3315218998,0,0,2,0,0,100.0
Flyway,Scen2,21,2091411631,0,0,3,0,0,100.0
Flyway,Scen2,22,2126386722,0,0,2,0,0,100.0
Flyway,Scen2,23,2083105701,0,0,3,0,0,100.0
Flyway,Scen2,24,3304218061,0,0,1,0,0,100.0
Flyway-R,Scen2,24,0,78533684,0,2,0,0,100.0
Flyway-R,Scen2,23,0,89616460,0,2,0,0,100.0
Flyway-R,Scen2,22,0,77714300,0,2,0,0,100.0
Flyway-R,Scen2,21,0,89223659,0,2,0,0,100.0
Flyway-R,Scen2,20,0,75168774,0,2,0,0,100.0
Flyway-R,Scen2,19,0,141557076,0,1,0,0,100.0
Flyway-R,Scen2,18,0,23515922289,0,54,0,0,100.0
Flyway-R,Scen2,17,0,98658571,0,1,0,0,100.0
Flyway-R,Scen2,16,0,103394263,0,1,0,0,100.0
Flyway-R,Scen2,15,0,1307348064,0,1,0,0,100.0
Flyway,Scen2,15,1887864266,0,0,13,0,0,100.0
Flyway,Scen2,16,2037688446,0,0,3,0,0,100.0
Flyway,Scen2,17,2172332046,0,0,3,0,0,100.0
Flyway,Scen2,18,39028306605,0,0,10,0,0,100.0
Flyway,Scen2,19,2089997062,0,0,6,0,0,100.0
Flyway,Scen2,20,3228255790,0,0,2,0,0,100.0
Flyway,Scen2,21,2129852491,0,0,3,0,0,100.0
Flyway,Scen2,22,2249837279,0,0,2,0,0,100.0
Flyway,Scen2,23,2153707109,0,0,3,0,0,100.0
Flyway,Scen2,24,4061663528,0,0,1,0,0,100.0
Flyway-R,Scen2,24,0,78033793,0,2,0,0,100.0
Flyway-R,Scen2,23,0,97720686,0,2,0,0,100.0
Flyway-R,Scen2,22,0,98879012,0,2,0,0,100.0
Flyway-R,Scen2,21,0,88262247,0,2,0,0,100.0
Flyway-R,Scen2,20,0,77450199,0,2,0,0,100.0
Flyway-R,Scen2,19,0,87329532,0,1,0,0,100.0
Flyway-R,Scen2,18,0,22394590906,0,54,0,0,100.0
Flyway-R,Scen2,17,0,98151868,0,1,0,0,100.0
Flyway-R,Scen2,16,0,120531969,0,1,0,0,100.0
Flyway-R,Scen2,15,0,290176050,0,1,0,0,100.0
Flyway,Scen2,15,1930409374,0,0,13,0,0,100.0
Flyway,Scen2,16,1989613032,0,0,3,0,0,100.0
Flyway,Scen2,17,1954243188,0,0,3,0,0,100.0
Flyway,Scen2,18,41365219723,0,0,10,0,0,100.0
Flyway,Scen2,19,2273754865,0,0,6,0,0,100.0
Flyway,Scen2,20,3092383956,0,0,2,0,0,100.0
Flyway,Scen2,21,2145809770,0,0,3,0,0,100.0
Flyway,Scen2,22,2267998332,0,0,2,0,0,100.0
Flyway,Scen2,23,2051676893,0,0,3,0,0,100.0
Flyway,Scen2,24,3149291030,0,0,1,0,0,100.0
Flyway-R,Scen2,24,0,80286393,0,2,0,0,100.0
Flyway-R,Scen2,23,0,85485156,0,2,0,0,100.0
Flyway-R,Scen2,22,0,78510308,0,2,0,0,100.0
Flyway-R,Scen2,21,0,95389143,0,2,0,0,100.0
Flyway-R,Scen2,20,0,77175633,0,2,0,0,100.0
Flyway-R,Scen2,19,0,231482454,0,1,0,0,100.0
Flyway-R,Scen2,18,0,23381268235,0,54,0,0,100.0
Flyway-R,Scen2,17,0,115645194,0,1,0,0,100.0
Flyway-R,Scen2,16,0,175256749,0,1,0,0,100.0
Flyway-R,Scen2,15,0,1301112252,0,1,0,0,100.0
Flyway,Scen2,15,1900486039,0,0,13,0,0,100.0
Flyway,Scen2,16,2036734652,0,0,3,0,0,100.0
Flyway,Scen2,17,1995463575,0,0,3,0,0,100.0
Flyway,Scen2,18,39851881562,0,0,10,0,0,100.0
Flyway,Scen2,19,2050990547,0,0,6,0,0,100.0
Flyway,Scen2,20,2893565273,0,0,2,0,0,100.0
Flyway,Scen2,21,2094656738,0,0,3,0,0,100.0
Flyway,Scen2,22,2133957848,0,0,2,0,0,100.0
Flyway,Scen2,23,2109898704,0,0,3,0,0,100.0
Flyway,Scen2,24,4181623653,0,0,1,0,0,100.0
Flyway-R,Scen2,24,0,79090201,0,2,0,0,100.0
Flyway-R,Scen2,23,0,90272615,0,2,0,0,100.0
Flyway-R,Scen2,22,0,78111478,0,2,0,0,100.0
Flyway-R,Scen2,21,0,85810793,0,2,0,0,100.0
Flyway-R,Scen2,20,0,73841504,0,2,0,0,100.0
Flyway-R,Scen2,19,0,85528262,0,1,0,0,100.0
Flyway-R,Scen2,18,0,20645837363,0,54,0,0,100.0
Flyway-R,Scen2,17,0,109809659,0,1,0,0,100.0
Flyway-R,Scen2,16,0,122308140,0,1,0,0,100.0
Flyway-R,Scen2,15,0,286330832,0,1,0,0,100.0
Flyway,Scen2,15,1904989553,0,0,13,0,0,100.0
Flyway,Scen2,16,2040437572,0,0,3,0,0,100.0
Flyway,Scen2,17,2071987745,0,0,3,0,0,100.0
Flyway,Scen2,18,39996655864,0,0,10,0,0,100.0
Flyway,Scen2,19,2215937131,0,0,6,0,0,100.0
Flyway,Scen2,20,2961974435,0,0,2,0,0,100.0
Flyway,Scen2,21,2213354585,0,0,3,0,0,100.0
Flyway,Scen2,22,2680788235,0,0,2,0,0,100.0
Flyway,Scen2,23,3142986772,0,0,3,0,0,100.0
Flyway,Scen2,24,3029652095,0,0,1,0,0,100.0
Flyway-R,Scen2,24,0,79300631,0,2,0,0,100.0
Flyway-R,Scen2,23,0,102659337,0,2,0,0,100.0
Flyway-R,Scen2,22,0,77251977,0,2,0,0,100.0
Flyway-R,Scen2,21,0,86083596,0,2,0,0,100.0
Flyway-R,Scen2,20,0,78564969,0,2,0,0,100.0
Flyway-R,Scen2,19,0,99520820,0,1,0,0,100.0
Flyway-R,Scen2,18,0,22054792009,0,54,0,0,100.0
Flyway-R,Scen2,17,0,117510457,0,1,0,0,100.0
Flyway-R,Scen2,16,0,169995889,0,1,0,0,100.0
Flyway-R,Scen2,15,0,266702298,0,1,0,0,100.0
Flyway,Scen2,15,1932059276,0,0,13,0,0,100.0
Flyway,Scen2,16,2015680569,0,0,3,0,0,100.0
Flyway,Scen2,17,1965880106,0,0,3,0,0,100.0
Flyway,Scen2,18,39798326091,0,0,10,0,0,100.0
Flyway,Scen2,19,2102630466,0,0,6,0,0,100.0
Flyway,Scen2,20,3112708719,0,0,2,0,0,100.0
Flyway,Scen2,21,1960519870,0,0,3,0,0,100.0
Flyway,Scen2,22,2172878881,0,0,2,0,0,100.0
Flyway,Scen2,23,2055961766,0,0,3,0,0,100.0
Flyway,Scen2,24,3160321225,0,0,1,0,0,100.0
Flyway-R,Scen2,24,0,75876690,0,2,0,0,100.0
Flyway-R,Scen2,23,0,85930383,0,2,0,0,100.0
Flyway-R,Scen2,22,0,77048660,0,2,0,0,100.0
Flyway-R,Scen2,21,0,86432106,0,2,0,0,100.0
Flyway-R,Scen2,20,0,77775182,0,2,0,0,100.0
Flyway-R,Scen2,19,0,89813920,0,1,0,0,100.0
Flyway-R,Scen2,18,0,22855402659,0,54,0,0,100.0
Flyway-R,Scen2,17,0,100595663,0,1,0,0,100.0
Flyway-R,Scen2,16,0,112147742,0,1,0,0,100.0
Flyway-R,Scen2,15,0,1306049349,0,1,0,0,100.0
Flyway,Scen2,15,1991409129,0,0,13,0,0,100.0
Flyway,Scen2,16,2031311631,0,0,3,0,0,100.0
Flyway,Scen2,17,2052928131,0,0,3,0,0,100.0
Flyway,Scen2,18,39223971959,0,0,10,0,0,100.0
Flyway,Scen2,19,2139981045,0,0,6,0,0,100.0
Flyway,Scen2,20,3285448678,0,0,2,0,0,100.0
Flyway,Scen2,21,2006721164,0,0,3,0,0,100.0
Flyway,Scen2,22,2266187456,0,0,2,0,0,100.0
Flyway,Scen2,23,1993490081,0,0,3,0,0,100.0
Flyway,Scen2,24,4172542683,0,0,1,0,0,100.0
Flyway-R,Scen2,24,0,77006099,0,2,0,0,100.0
Flyway-R,Scen2,23,0,85882133,0,2,0,0,100.0
Flyway-R,Scen2,22,0,74955114,0,2,0,0,100.0
Flyway-R,Scen2,21,0,85023475,0,2,0,0,100.0
Flyway-R,Scen2,20,0,75859266,0,2,0,0,100.0
Flyway-R,Scen2,19,0,87962874,0,1,0,0,100.0
Flyway-R,Scen2,18,0,22113295401,0,54,0,0,100.0
Flyway-R,Scen2,17,0,101453824,0,1,0,0,100.0
Flyway-R,Scen2,16,0,159249960,0,1,0,0,100.0
Flyway-R,Scen2,15,0,300007443,0,1,0,0,100.0
Flyway,Scen2,15,1914028821,0,0,13,0,0,100.0
Flyway,Scen2,16,1938057804,0,0,3,0,0,100.0
Flyway,Scen2,17,1960774948,0,0,3,0,0,100.0
Flyway,Scen2,18,39981186391,0,0,10,0,0,100.0
Flyway,Scen2,19,2384962376,0,0,6,0,0,100.0
Flyway,Scen2,20,3324956372,0,0,2,0,0,100.0
Flyway,Scen2,21,2154261542,0,0,3,0,0,100.0
Flyway,Scen2,22,2170185514,0,0,2,0,0,100.0
Flyway,Scen2,23,2059601138,0,0,3,0,0,100.0
Flyway,Scen2,24,3319698401,0,0,1,0,0,100.0
Flyway-R,Scen2,24,0,119595156,0,2,0,0,100.0
Flyway-R,Scen2,23,0,88669961,0,2,0,0,100.0
Flyway-R,Scen2,22,0,76578107,0,2,0,0,100.0
Flyway-R,Scen2,21,0,123886472,0,2,0,0,100.0
Flyway-R,Scen2,20,0,76753222,0,2,0,0,100.0
Flyway-R,Scen2,19,0,194135262,0,1,0,0,100.0
Flyway-R,Scen2,18,0,23669162612,0,54,0,0,100.0
Flyway-R,Scen2,17,0,122123572,0,1,0,0,100.0
Flyway-R,Scen2,16,0,181698085,0,1,0,0,100.0
Flyway-R,Scen2,15,0,1314315563,0,1,0,0,100.0
Flyway,Scen2,15,1978048309,0,0,13,0,0,100.0
Flyway,Scen2,16,2135514936,0,0,3,0,0,100.0
Flyway,Scen2,17,2050992318,0,0,3,0,0,100.0
Flyway,Scen2,18,38529021617,0,0,10,0,0,100.0
Flyway,Scen2,19,2143349426,0,0,6,0,0,100.0
Flyway,Scen2,20,3908541051,0,0,2,0,0,100.0
Flyway,Scen2,21,2067790575,0,0,3,0,0,100.0
Flyway,Scen2,22,2272923491,0,0,2,0,0,100.0
Flyway,Scen2,23,2037058002,0,0,3,0,0,100.0
Flyway,Scen2,24,4075984857,0,0,1,0,0,100.0
Flyway-R,Scen2,24,0,75237795,0,2,0,0,100.0
Flyway-R,Scen2,23,0,86759062,0,2,0,0,100.0
Flyway-R,Scen2,22,0,76687982,0,2,0,0,100.0
Flyway-R,Scen2,21,0,83997914,0,2,0,0,100.0
Flyway-R,Scen2,20,0,74939711,0,2,0,0,100.0
Flyway-R,Scen2,19,0,87697488,0,1,0,0,100.0
Flyway-R,Scen2,18,0,22273282180,0,54,0,0,100.0
Flyway-R,Scen2,17,0,98335691,0,1,0,0,100.0
Flyway-R,Scen2,16,0,131882317,0,1,0,0,100.0
Flyway-R,Scen2,15,0,290851977,0,1,0,0,100.0
Flyway,Scen2,15,2024320114,0,0,13,0,0,100.0
Flyway,Scen2,16,1941228202,0,0,3,0,0,100.0
Flyway,Scen2,17,2111676243,0,0,3,0,0,100.0
Flyway,Scen2,18,41588128552,0,0,10,0,0,100.0
Flyway,Scen2,19,2320411402,0,0,6,0,0,100.0
Flyway,Scen2,20,3249280748,0,0,2,0,0,100.0
Flyway,Scen2,21,2078331372,0,0,3,0,0,100.0
Flyway,Scen2,22,2192960821,0,0,2,0,0,100.0
Flyway,Scen2,23,2098972931,0,0,3,0,0,100.0
Flyway,Scen2,24,3303037785,0,0,1,0,0,100.0
Flyway-R,Scen2,24,0,76859004,0,2,0,0,100.0
Flyway-R,Scen2,23,0,93101108,0,2,0,0,100.0
Flyway-R,Scen2,22,0,79119619,0,2,0,0,100.0
Flyway-R,Scen2,21,0,101705006,0,2,0,0,100.0
Flyway-R,Scen2,20,0,78671183,0,2,0,0,100.0
Flyway-R,Scen2,19,0,194283030,0,1,0,0,100.0
Flyway-R,Scen2,18,0,23481717346,0,54,0,0,100.0
Flyway-R,Scen2,17,0,116201879,0,1,0,0,100.0
Flyway-R,Scen2,16,0,178024656,0,1,0,0,100.0
Flyway-R,Scen2,15,0,1305052005,0,1,0,0,100.0
Flyway,Scen2,15,1926502852,0,0,13,0,0,100.0
Flyway,Scen2,16,1972776123,0,0,3,0,0,100.0
Flyway,Scen2,17,1945265658,0,0,3,0,0,100.0
Flyway,Scen2,18,39423859255,0,0,10,0,0,100.0
Flyway,Scen2,19,2069150766,0,0,6,0,0,100.0
Flyway,Scen2,20,3203114730,0,0,2,0,0,100.0
Flyway,Scen2,21,2031330504,0,0,3,0,0,100.0
Flyway,Scen2,22,2227263932,0,0,2,0,0,100.0
Flyway,Scen2,23,2056580708,0,0,3,0,0,100.0
Flyway,Scen2,24,4261569480,0,0,1,0,0,100.0
Flyway-R,Scen2,24,0,79701883,0,2,0,0,100.0
Flyway-R,Scen2,23,0,90840232,0,2,0,0,100.0
Flyway-R,Scen2,22,0,74179468,0,2,0,0,100.0
Flyway-R,Scen2,21,0,85065848,0,2,0,0,100.0
Flyway-R,Scen2,20,0,73520080,0,2,0,0,100.0
Flyway-R,Scen2,19,0,85852631,0,1,0,0,100.0
Flyway-R,Scen2,18,0,22863589771,0,54,0,0,100.0
Flyway-R,Scen2,17,0,122074178,0,1,0,0,100.0
Flyway-R,Scen2,16,0,195664901,0,1,0,0,100.0
Flyway-R,Scen2,15,0,294733694,0,1,0,0,100.0
Flyway,Scen2,15,1945112236,0,0,13,0,0,100.0
Flyway,Scen2,16,1945928676,0,0,3,0,0,100.0
Flyway,Scen2,17,1960242762,0,0,3,0,0,100.0
Flyway,Scen2,18,39160529375,0,0,10,0,0,100.0
Flyway,Scen2,19,2275452714,0,0,6,0,0,100.0
Flyway,Scen2,20,5656499876,0,0,2,0,0,100.0
Flyway,Scen2,21,4025773045,0,0,3,0,0,100.0
Flyway,Scen2,22,2278813549,0,0,2,0,0,100.0
Flyway,Scen2,23,2154886025,0,0,3,0,0,100.0
Flyway,Scen2,24,3155270462,0,0,1,0,0,100.0
Flyway-R,Scen2,24,0,79520184,0,2,0,0,100.0
Flyway-R,Scen2,23,0,98144153,0,2,0,0,100.0
Flyway-R,Scen2,22,0,76693876,0,2,0,0,100.0
Flyway-R,Scen2,21,0,167491278,0,2,0,0,100.0
Flyway-R,Scen2,20,0,77132492,0,2,0,0,100.0
Flyway-R,Scen2,19,0,105459660,0,1,0,0,100.0
Flyway-R,Scen2,18,0,24416432727,0,54,0,0,100.0
Flyway-R,Scen2,17,0,134516725,0,1,0,0,100.0
Flyway-R,Scen2,16,0,216117301,0,1,0,0,100.0
Flyway-R,Scen2,15,0,281841466,0,1,0,0,100.0
Flyway,Scen2,15,1941917467,0,0,13,0,0,100.0
Flyway,Scen2,16,2231208556,0,0,3,0,0,100.0
Flyway,Scen2,17,2079102580,0,0,3,0,0,100.0
Flyway,Scen2,18,40010232108,0,0,10,0,0,100.0
Flyway,Scen2,19,2246349585,0,0,6,0,0,100.0
Flyway,Scen2,20,3415924563,0,0,2,0,0,100.0
Flyway,Scen2,21,2082737603,0,0,3,0,0,100.0
Flyway,Scen2,22,2304816927,0,0,2,0,0,100.0
Flyway,Scen2,23,2126267968,0,0,3,0,0,100.0
Flyway,Scen2,24,3377566592,0,0,1,0,0,100.0
Flyway-R,Scen2,24,0,82572975,0,2,0,0,100.0
Flyway-R,Scen2,23,0,92680586,0,2,0,0,100.0
Flyway-R,Scen2,22,0,82031016,0,2,0,0,100.0
Flyway-R,Scen2,21,0,90637169,0,2,0,0,100.0
Flyway-R,Scen2,20,0,81723484,0,2,0,0,100.0
Flyway-R,Scen2,19,0,94804818,0,1,0,0,100.0
Flyway-R,Scen2,18,0,22879956791,0,54,0,0,100.0
Flyway-R,Scen2,17,0,107408598,0,1,0,0,100.0
Flyway-R,Scen2,16,0,121526810,0,1,0,0,100.0
Flyway-R,Scen2,15,0,1320196745,0,1,0,0,100.0
Flyway,Scen2,15,1953782416,0,0,13,0,0,100.0
Flyway,Scen2,16,2139273099,0,0,3,0,0,100.0
Flyway,Scen2,17,2199187788,0,0,3,0,0,100.0
Flyway,Scen2,18,41473195865,0,0,10,0,0,100.0
Flyway,Scen2,19,2483925147,0,0,6,0,0,100.0
Flyway,Scen2,20,3159475722,0,0,2,0,0,100.0
Flyway,Scen2,21,2250351510,0,0,3,0,0,100.0
Flyway,Scen2,22,2462034219,0,0,2,0,0,100.0
Flyway,Scen2,23,6236903552,0,0,3,0,0,100.0
Flyway,Scen2,24,3414787063,0,0,1,0,0,100.0
Flyway-R,Scen2,24,0,80155053,0,2,0,0,100.0
Flyway-R,Scen2,23,0,105362369,0,2,0,0,100.0
Flyway-R,Scen2,22,0,79599583,0,2,0,0,100.0
Flyway-R,Scen2,21,0,91095648,0,2,0,0,100.0
Flyway-R,Scen2,20,0,81810306,0,2,0,0,100.0
Flyway-R,Scen2,19,0,100373977,0,1,0,0,100.0
Flyway-R,Scen2,18,0,21141205857,0,54,0,0,100.0
Flyway-R,Scen2,17,0,116301642,0,1,0,0,100.0
Flyway-R,Scen2,16,0,157867130,0,1,0,0,100.0
Flyway-R,Scen2,15,0,263578799,0,1,0,0,100.0
Flyway,Scen2,15,2051689017,0,0,13,0,0,100.0
Flyway,Scen2,16,2055514786,0,0,3,0,0,100.0
Flyway,Scen2,17,2133161686,0,0,3,0,0,100.0
Flyway,Scen2,18,39974049150,0,0,10,0,0,100.0
Flyway,Scen2,19,2147958460,0,0,6,0,0,100.0
Flyway,Scen2,20,3303092141,0,0,2,0,0,100.0
Flyway,Scen2,21,2022676430,0,0,3,0,0,100.0
Flyway,Scen2,22,2205651371,0,0,2,0,0,100.0
Flyway,Scen2,23,2073071052,0,0,3,0,0,100.0
Flyway,Scen2,24,3354447854,0,0,1,0,0,100.0
Flyway-R,Scen2,24,0,81940591,0,2,0,0,100.0
Flyway-R,Scen2,23,0,92244703,0,2,0,0,100.0
Flyway-R,Scen2,22,0,80838232,0,2,0,0,100.0
Flyway-R,Scen2,21,0,90504814,0,2,0,0,100.0
Flyway-R,Scen2,20,0,80199119,0,2,0,0,100.0
Flyway-R,Scen2,19,0,92917544,0,1,0,0,100.0
Flyway-R,Scen2,18,0,22507347857,0,54,0,0,100.0
Flyway-R,Scen2,17,0,110067617,0,1,0,0,100.0
Flyway-R,Scen2,16,0,112275406,0,1,0,0,100.0
Flyway-R,Scen2,15,0,1314557080,0,1,0,0,100.0
Flyway,Scen2,15,1977265180,0,0,13,0,0,100.0
Flyway,Scen2,16,2013422776,0,0,3,0,0,100.0
Flyway,Scen2,17,1963852563,0,0,3,0,0,100.0
Flyway,Scen2,18,39629657508,0,0,10,0,0,100.0
Flyway,Scen2,19,2374795990,0,0,6,0,0,100.0
Flyway,Scen2,20,3486085960,0,0,2,0,0,100.0
Flyway,Scen2,21,2163921303,0,0,3,0,0,100.0
Flyway,Scen2,22,2362567164,0,0,2,0,0,100.0
Flyway,Scen2,23,2134388376,0,0,3,0,0,100.0
Flyway,Scen2,24,4236555547,0,0,1,0,0,100.0
Flyway-R,Scen2,24,0,80962216,0,2,0,0,100.0
Flyway-R,Scen2,23,0,91039361,0,2,0,0,100.0
Flyway-R,Scen2,22,0,79995187,0,2,0,0,100.0
Flyway-R,Scen2,21,0,90428721,0,2,0,0,100.0
Flyway-R,Scen2,20,0,78227453,0,2,0,0,100.0
Flyway-R,Scen2,19,0,90921176,0,1,0,0,100.0
Flyway-R,Scen2,18,0,23154007800,0,54,0,0,100.0
Flyway-R,Scen2,17,0,112724804,0,1,0,0,100.0
Flyway-R,Scen2,16,0,184762207,0,1,0,0,100.0
Flyway-R,Scen2,15,0,296286198,0,1,0,0,100.0
Flyway,Scen2,15,2028661423,0,0,13,0,0,100.0
Flyway,Scen2,16,2134916048,0,0,3,0,0,100.0
Flyway,Scen2,17,2159916184,0,0,3,0,0,100.0
Flyway,Scen2,18,40045820583,0,0,10,0,0,100.0
Flyway,Scen2,19,2292609629,0,0,6,0,0,100.0
Flyway,Scen2,20,3274177953,0,0,2,0,0,100.0
Flyway,Scen2,21,2085258278,0,0,3,0,0,100.0
Flyway,Scen2,22,2206372876,0,0,2,0,0,100.0
Flyway,Scen2,23,2162822918,0,0,3,0,0,100.0
Flyway,Scen2,24,3278530816,0,0,1,0,0,100.0
Flyway-R,Scen2,24,0,82481208,0,2,0,0,100.0
Flyway-R,Scen2,23,0,99148472,0,2,0,0,100.0
Flyway-R,Scen2,22,0,80282664,0,2,0,0,100.0
Flyway-R,Scen2,21,0,92513426,0,2,0,0,100.0
Flyway-R,Scen2,20,0,81476618,0,2,0,0,100.0
Flyway-R,Scen2,19,0,121718830,0,1,0,0,100.0
Flyway-R,Scen2,18,0,23726291186,0,54,0,0,100.0
Flyway-R,Scen2,17,0,107922805,0,1,0,0,100.0
Flyway-R,Scen2,16,0,120264497,0,1,0,0,100.0
Flyway-R,Scen2,15,0,1314921390,0,1,0,0,100.0
Flyway,Scen2,15,1885926781,0,0,13,0,0,100.0
Flyway,Scen2,16,2041128896,0,0,3,0,0,100.0
Flyway,Scen2,17,2052503418,0,0,3,0,0,100.0
Flyway,Scen2,18,40443057588,0,0,10,0,0,100.0
Flyway,Scen2,19,2103151837,0,0,6,0,0,100.0
Flyway,Scen2,20,3425357759,0,0,2,0,0,100.0
Flyway,Scen2,21,2239199787,0,0,3,0,0,100.0
Flyway,Scen2,22,2319808181,0,0,2,0,0,100.0
Flyway,Scen2,23,2208627883,0,0,3,0,0,100.0
Flyway,Scen2,24,4489255697,0,0,1,0,0,100.0
Flyway-R,Scen2,24,0,80768043,0,2,0,0,100.0
Flyway-R,Scen2,23,0,95792825,0,2,0,0,100.0
Flyway-R,Scen2,22,0,80368952,0,2,0,0,100.0
Flyway-R,Scen2,21,0,92074047,0,2,0,0,100.0
Flyway-R,Scen2,20,0,81183196,0,2,0,0,100.0
Flyway-R,Scen2,19,0,92232142,0,1,0,0,100.0
Flyway-R,Scen2,18,0,22246364999,0,54,0,0,100.0
Flyway-R,Scen2,17,0,106035838,0,1,0,0,100.0
Flyway-R,Scen2,16,0,152959975,0,1,0,0,100.0
Flyway-R,Scen2,15,0,299737878,0,1,0,0,100.0
Flyway,Scen2,15,1940261129,0,0,13,0,0,100.0
Flyway,Scen2,16,2148818297,0,0,3,0,0,100.0
Flyway,Scen2,17,2161182554,0,0,3,0,0,100.0
Flyway,Scen2,18,41476969138,0,0,10,0,0,100.0
Flyway,Scen2,19,2360332973,0,0,6,0,0,100.0
Flyway,Scen2,20,3646519565,0,0,2,0,0,100.0
Flyway,Scen2,21,2368788744,0,0,3,0,0,100.0
Flyway,Scen2,22,2279990826,0,0,2,0,0,100.0
Flyway,Scen2,23,4300174627,0,0,3,0,0,100.0
Flyway,Scen2,24,3328493477,0,0,1,0,0,100.0
Flyway-R,Scen2,24,0,79167669,0,2,0,0,100.0
Flyway-R,Scen2,23,0,92916542,0,2,0,0,100.0
Flyway-R,Scen2,22,0,78442568,0,2,0,0,100.0
Flyway-R,Scen2,21,0,124984450,0,2,0,0,100.0
Flyway-R,Scen2,20,0,80349845,0,2,0,0,100.0
Flyway-R,Scen2,19,0,165962083,0,1,0,0,100.0
Flyway-R,Scen2,18,0,23339077052,0,54,0,0,100.0
Flyway-R,Scen2,17,0,102529946,0,1,0,0,100.0
Flyway-R,Scen2,16,0,113502823,0,1,0,0,100.0
Flyway-R,Scen2,15,0,1308758287,0,1,0,0,100.0
Flyway,Scen2,15,2088071613,0,0,13,0,0,100.0
Flyway,Scen2,16,2113347853,0,0,3,0,0,100.0
Flyway,Scen2,17,2123279718,0,0,3,0,0,100.0
Flyway,Scen2,18,41076504812,0,0,10,0,0,100.0
Flyway,Scen2,19,2284119480,0,0,6,0,0,100.0
Flyway,Scen2,20,3195329720,0,0,2,0,0,100.0
Flyway,Scen2,21,2413249138,0,0,3,0,0,100.0
Flyway,Scen2,22,2243613203,0,0,2,0,0,100.0
Flyway,Scen2,23,2203005246,0,0,3,0,0,100.0
Flyway,Scen2,24,4474214128,0,0,1,0,0,100.0
Flyway-R,Scen2,24,0,85482582,0,2,0,0,100.0
Flyway-R,Scen2,23,0,127748280,0,2,0,0,100.0
Flyway-R,Scen2,22,0,80095392,0,2,0,0,100.0
Flyway-R,Scen2,21,0,90276710,0,2,0,0,100.0
Flyway-R,Scen2,20,0,80580957,0,2,0,0,100.0
Flyway-R,Scen2,19,0,92173543,0,1,0,0,100.0
Flyway-R,Scen2,18,0,21434187407,0,54,0,0,100.0
Flyway-R,Scen2,17,0,102804006,0,1,0,0,100.0
Flyway-R,Scen2,16,0,126270419,0,1,0,0,100.0
Flyway-R,Scen2,15,0,306499774,0,1,0,0,100.0
Flyway,Scen2,15,2121382179,0,0,13,0,0,100.0
Flyway,Scen2,16,2104506793,0,0,3,0,0,100.0
Flyway,Scen2,17,2038791107,0,0,3,0,0,100.0
Flyway,Scen2,18,40119423929,0,0,10,0,0,100.0
Flyway,Scen2,19,3796593927,0,0,6,0,0,100.0
Flyway,Scen2,20,2687996238,0,0,2,0,0,100.0
Flyway,Scen2,21,2206695253,0,0,3,0,0,100.0
Flyway,Scen2,22,2228077489,0,0,2,0,0,100.0
Flyway,Scen2,23,2151187492,0,0,3,0,0,100.0
Flyway,Scen2,24,3467201173,0,0,1,0,0,100.0
Flyway-R,Scen2,24,0,77609463,0,2,0,0,100.0
Flyway-R,Scen2,23,0,90113818,0,2,0,0,100.0
Flyway-R,Scen2,22,0,75622004,0,2,0,0,100.0
Flyway-R,Scen2,21,0,122579616,0,2,0,0,100.0
Flyway-R,Scen2,20,0,75765635,0,2,0,0,100.0
Flyway-R,Scen2,19,0,256553486,0,1,0,0,100.0
Flyway-R,Scen2,18,0,23603822187,0,54,0,0,100.0
Flyway-R,Scen2,17,0,124813049,0,1,0,0,100.0
Flyway-R,Scen2,16,0,182910002,0,1,0,0,100.0
Flyway-R,Scen2,15,0,1342478956,0,1,0,0,100.0
Flyway,Scen2,15,1842524248,0,0,13,0,0,100.0
Flyway,Scen2,16,2030702692,0,0,3,0,0,100.0
Flyway,Scen2,17,1967670977,0,0,3,0,0,100.0
Flyway,Scen2,18,39629584128,0,0,10,0,0,100.0
Flyway,Scen2,19,2052931461,0,0,6,0,0,100.0
Flyway,Scen2,20,3928415736,0,0,2,0,0,100.0
Flyway,Scen2,21,2222329861,0,0,3,0,0,100.0
Flyway,Scen2,22,2388765208,0,0,2,0,0,100.0
Flyway,Scen2,23,2046359975,0,0,3,0,0,100.0
Flyway,Scen2,24,4278952064,0,0,1,0,0,100.0
Flyway-R,Scen2,24,0,76970746,0,2,0,0,100.0
Flyway-R,Scen2,23,0,87257316,0,2,0,0,100.0
Flyway-R,Scen2,22,0,77027598,0,2,0,0,100.0
Flyway-R,Scen2,21,0,86664351,0,2,0,0,100.0
Flyway-R,Scen2,20,0,76988925,0,2,0,0,100.0
Flyway-R,Scen2,19,0,87570722,0,1,0,0,100.0
Flyway-R,Scen2,18,0,22645373094,0,54,0,0,100.0
Flyway-R,Scen2,17,0,99323612,0,1,0,0,100.0
Flyway-R,Scen2,16,0,113340348,0,1,0,0,100.0
Flyway-R,Scen2,15,0,288964593,0,1,0,0,100.0
Flyway,Scen2,15,1963155594,0,0,13,0,0,100.0
Flyway,Scen2,16,2030556471,0,0,3,0,0,100.0
Flyway,Scen2,17,2137691479,0,0,3,0,0,100.0
Flyway,Scen2,18,41614185179,0,0,10,0,0,100.0
Flyway,Scen2,19,2304590624,0,0,6,0,0,100.0
Flyway,Scen2,20,3219611557,0,0,2,0,0,100.0
Flyway,Scen2,21,2126669915,0,0,3,0,0,100.0
Flyway,Scen2,22,2262351777,0,0,2,0,0,100.0
Flyway,Scen2,23,2017170015,0,0,3,0,0,100.0
Flyway,Scen2,24,3267441172,0,0,1,0,0,100.0
Flyway-R,Scen2,24,0,76026955,0,2,0,0,100.0
Flyway-R,Scen2,23,0,87300474,0,2,0,0,100.0
Flyway-R,Scen2,22,0,73233025,0,2,0,0,100.0
Flyway-R,Scen2,21,0,96128727,0,2,0,0,100.0
Flyway-R,Scen2,20,0,75428052,0,2,0,0,100.0
Flyway-R,Scen2,19,0,195526031,0,1,0,0,100.0
Flyway-R,Scen2,18,0,23607971517,0,54,0,0,100.0
Flyway-R,Scen2,17,0,119762113,0,1,0,0,100.0
Flyway-R,Scen2,16,0,180937916,0,1,0,0,100.0
Flyway-R,Scen2,15,0,1304617469,0,1,0,0,100.0
Flyway,Scen2,15,1970942602,0,0,13,0,0,100.0
Flyway,Scen2,16,2068429807,0,0,3,0,0,100.0
Flyway,Scen2,17,1946060237,0,0,3,0,0,100.0
Flyway,Scen2,18,39682229972,0,0,10,0,0,100.0
Flyway,Scen2,19,2037825707,0,0,6,0,0,100.0
Flyway,Scen2,20,3115897275,0,0,2,0,0,100.0
Flyway,Scen2,21,2038382361,0,0,3,0,0,100.0
Flyway,Scen2,22,2190959105,0,0,2,0,0,100.0
Flyway,Scen2,23,2083474367,0,0,3,0,0,100.0
Flyway,Scen2,24,4324119976,0,0,1,0,0,100.0
Flyway-R,Scen2,24,0,77025624,0,2,0,0,100.0
Flyway-R,Scen2,23,0,88224541,0,2,0,0,100.0
Flyway-R,Scen2,22,0,74681126,0,2,0,0,100.0
Flyway-R,Scen2,21,0,85860103,0,2,0,0,100.0
Flyway-R,Scen2,20,0,73663872,0,2,0,0,100.0
Flyway-R,Scen2,19,0,113206679,0,1,0,0,100.0
Flyway-R,Scen2,18,0,20163996322,0,54,0,0,100.0
Flyway-R,Scen2,17,0,107837819,0,1,0,0,100.0
Flyway-R,Scen2,16,0,121803024,0,1,0,0,100.0
Flyway-R,Scen2,15,0,282926256,0,1,0,0,100.0
Flyway,Scen2,15,1912611455,0,0,13,0,0,100.0
Flyway,Scen2,16,2025757310,0,0,3,0,0,100.0
Flyway,Scen2,17,2074669074,0,0,3,0,0,100.0
Flyway,Scen2,18,40362260417,0,0,10,0,0,100.0
Flyway,Scen2,19,2199547925,0,0,6,0,0,100.0
Flyway,Scen2,20,2840218486,0,0,2,0,0,100.0
Flyway,Scen2,21,1994262571,0,0,3,0,0,100.0
Flyway,Scen2,22,2204213174,0,0,2,0,0,100.0
Flyway,Scen2,23,3443712693,0,0,3,0,0,100.0
Flyway,Scen2,24,3097772556,0,0,1,0,0,100.0
Flyway-R,Scen2,24,0,77330513,0,2,0,0,100.0
Flyway-R,Scen2,23,0,100530633,0,2,0,0,100.0
Flyway-R,Scen2,22,0,75360380,0,2,0,0,100.0
Flyway-R,Scen2,21,0,85138694,0,2,0,0,100.0
Flyway-R,Scen2,20,0,75368865,0,2,0,0,100.0
Flyway-R,Scen2,19,0,95326572,0,1,0,0,100.0
Flyway-R,Scen2,18,0,21718087704,0,54,0,0,100.0
Flyway-R,Scen2,17,0,122536274,0,1,0,0,100.0
Flyway-R,Scen2,16,0,161871654,0,1,0,0,100.0
Flyway-R,Scen2,15,0,265970525,0,1,0,0,100.0
Flyway,Scen2,15,2097405773,0,0,13,0,0,100.0
Flyway,Scen2,16,2020625653,0,0,3,0,0,100.0
Flyway,Scen2,17,2016390846,0,0,3,0,0,100.0
Flyway,Scen2,18,39782223056,0,0,10,0,0,100.0
Flyway,Scen2,19,2035930418,0,0,6,0,0,100.0
Flyway,Scen2,20,3193654032,0,0,2,0,0,100.0
Flyway,Scen2,21,2118169747,0,0,3,0,0,100.0
Flyway,Scen2,22,2218284952,0,0,2,0,0,100.0
Flyway,Scen2,23,2044432796,0,0,3,0,0,100.0
Flyway,Scen2,24,3241546559,0,0,1,0,0,100.0
Flyway-R,Scen2,24,0,77285429,0,2,0,0,100.0
Flyway-R,Scen2,23,0,84266235,0,2,0,0,100.0
Flyway-R,Scen2,22,0,73177374,0,2,0,0,100.0
Flyway-R,Scen2,21,0,84917947,0,2,0,0,100.0
Flyway-R,Scen2,20,0,74895319,0,2,0,0,100.0
Flyway-R,Scen2,19,0,87047046,0,1,0,0,100.0
Flyway-R,Scen2,18,0,23040336630,0,54,0,0,100.0
Flyway-R,Scen2,17,0,96719174,0,1,0,0,100.0
Flyway-R,Scen2,16,0,116379303,0,1,0,0,100.0
Flyway-R,Scen2,15,0,1307435645,0,1,0,0,100.0
Flyway,Scen2,15,1983861599,0,0,13,0,0,100.0
Flyway,Scen2,16,1914723346,0,0,3,0,0,100.0
Flyway,Scen2,17,1986638430,0,0,3,0,0,100.0
Flyway,Scen2,18,38994066135,0,0,10,0,0,100.0
Flyway,Scen2,19,2146436072,0,0,6,0,0,100.0
Flyway,Scen2,20,3456994400,0,0,2,0,0,100.0
Flyway,Scen2,21,2121286439,0,0,3,0,0,100.0
Flyway,Scen2,22,2330726752,0,0,2,0,0,100.0
Flyway,Scen2,23,2083045249,0,0,3,0,0,100.0
Flyway,Scen2,24,4209140034,0,0,1,0,0,100.0
Flyway-R,Scen2,24,0,76186573,0,2,0,0,100.0
Flyway-R,Scen2,23,0,87569276,0,2,0,0,100.0
Flyway-R,Scen2,22,0,73089549,0,2,0,0,100.0
Flyway-R,Scen2,21,0,84968054,0,2,0,0,100.0
Flyway-R,Scen2,20,0,75386224,0,2,0,0,100.0
Flyway-R,Scen2,19,0,88045193,0,1,0,0,100.0
Flyway-R,Scen2,18,0,22382667795,0,54,0,0,100.0
Flyway-R,Scen2,17,0,111412544,0,1,0,0,100.0
Flyway-R,Scen2,16,0,150960042,0,1,0,0,100.0
Flyway-R,Scen2,15,0,304346718,0,1,0,0,100.0
Flyway,Scen2,15,1844245902,0,0,13,0,0,100.0
Flyway,Scen2,16,2021225032,0,0,3,0,0,100.0
Flyway,Scen2,17,2070948080,0,0,3,0,0,100.0
Flyway,Scen2,18,44084521409,0,0,10,0,0,100.0
Flyway,Scen2,19,2505458048,0,0,6,0,0,100.0
Flyway,Scen2,20,3295034826,0,0,2,0,0,100.0
Flyway,Scen2,21,2140802118,0,0,3,0,0,100.0
Flyway,Scen2,22,2295647578,0,0,2,0,0,100.0
Flyway,Scen2,23,1998064626,0,0,3,0,0,100.0
Flyway,Scen2,24,3519154148,0,0,1,0,0,100.0
Flyway-R,Scen2,24,0,80211195,0,2,0,0,100.0
Flyway-R,Scen2,23,0,93076532,0,2,0,0,100.0
Flyway-R,Scen2,22,0,80550548,0,2,0,0,100.0
Flyway-R,Scen2,21,0,127047854,0,2,0,0,100.0
Flyway-R,Scen2,20,0,80589010,0,2,0,0,100.0
Flyway-R,Scen2,19,0,181472537,0,1,0,0,100.0
Flyway-R,Scen2,18,0,23897062043,0,54,0,0,100.0
Flyway-R,Scen2,17,0,103047248,0,1,0,0,100.0
Flyway-R,Scen2,16,0,109748139,0,1,0,0,100.0
Flyway-R,Scen2,15,0,1315533849,0,1,0,0,100.0
Flyway,Scen2,15,1984511742,0,0,13,0,0,100.0
Flyway,Scen2,16,2110655872,0,0,3,0,0,100.0
Flyway,Scen2,17,2131105312,0,0,3,0,0,100.0
Flyway,Scen2,18,39760220739,0,0,10,0,0,100.0
Flyway,Scen2,19,2212118198,0,0,6,0,0,100.0
Flyway,Scen2,20,3540920356,0,0,2,0,0,100.0
Flyway,Scen2,21,2421171161,0,0,3,0,0,100.0
Flyway,Scen2,22,2325500761,0,0,2,0,0,100.0
Flyway,Scen2,23,2238360183,0,0,3,0,0,100.0
Flyway,Scen2,24,5983298330,0,0,1,0,0,100.0
Flyway-R,Scen2,24,0,80420255,0,2,0,0,100.0
Flyway-R,Scen2,23,0,93391656,0,2,0,0,100.0
Flyway-R,Scen2,22,0,81020100,0,2,0,0,100.0
Flyway-R,Scen2,21,0,92931887,0,2,0,0,100.0
Flyway-R,Scen2,20,0,80708899,0,2,0,0,100.0
Flyway-R,Scen2,19,0,94160599,0,1,0,0,100.0
Flyway-R,Scen2,18,0,20545612472,0,54,0,0,100.0
Flyway-R,Scen2,17,0,105663289,0,1,0,0,100.0
Flyway-R,Scen2,16,0,128341091,0,1,0,0,100.0
Flyway-R,Scen2,15,0,307233658,0,1,0,0,100.0
Flyway,Scen2,15,2082368086,0,0,13,0,0,100.0
Flyway,Scen2,16,2115078812,0,0,3,0,0,100.0
Flyway,Scen2,17,2084963931,0,0,3,0,0,100.0
Flyway,Scen2,18,42294491152,0,0,10,0,0,100.0
Flyway,Scen2,19,2549725439,0,0,6,0,0,100.0
Flyway,Scen2,20,3510600948,0,0,2,0,0,100.0
Flyway,Scen2,21,2293227605,0,0,3,0,0,100.0
Flyway,Scen2,22,2231442040,0,0,2,0,0,100.0
Flyway,Scen2,23,2064403640,0,0,3,0,0,100.0
Flyway,Scen2,24,3166584051,0,0,1,0,0,100.0
Flyway-R,Scen2,24,0,81547277,0,2,0,0,100.0
Flyway-R,Scen2,23,0,99799646,0,2,0,0,100.0
Flyway-R,Scen2,22,0,79866440,0,2,0,0,100.0
Flyway-R,Scen2,21,0,127005471,0,2,0,0,100.0
Flyway-R,Scen2,20,0,80525556,0,2,0,0,100.0
Flyway-R,Scen2,19,0,192355604,0,1,0,0,100.0
Flyway-R,Scen2,18,0,24166185930,0,54,0,0,100.0
Flyway-R,Scen2,17,0,101640654,0,1,0,0,100.0
Flyway-R,Scen2,16,0,104986483,0,1,0,0,100.0
Flyway-R,Scen2,15,0,1318022147,0,1,0,0,100.0
Flyway,Scen2,15,2071496510,0,0,13,0,0,100.0
Flyway,Scen2,16,1975759264,0,0,3,0,0,100.0
Flyway,Scen2,17,2083059717,0,0,3,0,0,100.0
Flyway,Scen2,18,39872437743,0,0,10,0,0,100.0
Flyway,Scen2,19,2170261596,0,0,6,0,0,100.0
Flyway,Scen2,20,3082550369,0,0,2,0,0,100.0
Flyway,Scen2,21,2156438258,0,0,3,0,0,100.0
Flyway,Scen2,22,2195814078,0,0,2,0,0,100.0
Flyway,Scen2,23,2080017649,0,0,3,0,0,100.0
Flyway,Scen2,24,4317584869,0,0,1,0,0,100.0
Flyway-R,Scen2,24,0,79294676,0,2,0,0,100.0
Flyway-R,Scen2,23,0,89556075,0,2,0,0,100.0
Flyway-R,Scen2,22,0,78621095,0,2,0,0,100.0
Flyway-R,Scen2,21,0,88255228,0,2,0,0,100.0
Flyway-R,Scen2,20,0,78187406,0,2,0,0,100.0
Flyway-R,Scen2,19,0,92735258,0,1,0,0,100.0
Flyway-R,Scen2,18,0,21306442173,0,54,0,0,100.0
Flyway-R,Scen2,17,0,99910027,0,1,0,0,100.0
Flyway-R,Scen2,16,0,121775671,0,1,0,0,100.0
Flyway-R,Scen2,15,0,297245549,0,1,0,0,100.0
Flyway,Scen2,15,1990313472,0,0,13,0,0,100.0
Flyway,Scen2,16,2123900597,0,0,3,0,0,100.0
Flyway,Scen2,17,2069184636,0,0,3,0,0,100.0
Flyway,Scen2,18,40624961506,0,0,10,0,0,100.0
Flyway,Scen2,19,2299226791,0,0,6,0,0,100.0
Flyway,Scen2,20,3201390531,0,0,2,0,0,100.0
Flyway,Scen2,21,2179666604,0,0,3,0,0,100.0
Flyway,Scen2,22,2211567820,0,0,2,0,0,100.0
Flyway,Scen2,23,3609317254,0,0,3,0,0,100.0
Flyway,Scen2,24,3111455543,0,0,1,0,0,100.0
Flyway-R,Scen2,24,0,77330699,0,2,0,0,100.0
Flyway-R,Scen2,23,0,93633335,0,2,0,0,100.0
Flyway-R,Scen2,22,0,77634737,0,2,0,0,100.0
Flyway-R,Scen2,21,0,101136762,0,2,0,0,100.0
Flyway-R,Scen2,20,0,76700145,0,2,0,0,100.0
Flyway-R,Scen2,19,0,197123011,0,1,0,0,100.0
Flyway-R,Scen2,18,0,22885197774,0,54,0,0,100.0
Flyway-R,Scen2,17,0,125906682,0,1,0,0,100.0
Flyway-R,Scen2,16,0,176024091,0,1,0,0,100.0
Flyway-R,Scen2,15,0,1290683111,0,1,0,0,100.0
Flyway,Scen2,15,1905721228,0,0,13,0,0,100.0
Flyway,Scen2,16,2030925974,0,0,3,0,0,100.0
Flyway,Scen2,17,2036430170,0,0,3,0,0,100.0
Flyway,Scen2,18,39388222917,0,0,10,0,0,100.0
Flyway,Scen2,19,2127649453,0,0,6,0,0,100.0
Flyway,Scen2,20,3874454954,0,0,2,0,0,100.0
Flyway,Scen2,21,1983190297,0,0,3,0,0,100.0
Flyway,Scen2,22,2078166482,0,0,2,0,0,100.0
Flyway,Scen2,23,2102624306,0,0,3,0,0,100.0
Flyway,Scen2,24,4323965996,0,0,1,0,0,100.0
Flyway-R,Scen2,24,0,78605091,0,2,0,0,100.0
Flyway-R,Scen2,23,0,88019144,0,2,0,0,100.0
Flyway-R,Scen2,22,0,75766750,0,2,0,0,100.0
Flyway-R,Scen2,21,0,84842475,0,2,0,0,100.0
Flyway-R,Scen2,20,0,75987350,0,2,0,0,100.0
Flyway-R,Scen2,19,0,85013600,0,1,0,0,100.0
Flyway-R,Scen2,18,0,20324470259,0,54,0,0,100.0
Flyway-R,Scen2,17,0,108376736,0,1,0,0,100.0
Flyway-R,Scen2,16,0,116141316,0,1,0,0,100.0
Flyway-R,Scen2,15,0,296921106,0,1,0,0,100.0
Flyway,Scen2,15,1918409803,0,0,13,0,0,100.0
Flyway,Scen2,16,2052334475,0,0,3,0,0,100.0
Flyway,Scen2,17,2071646529,0,0,3,0,0,100.0
Flyway,Scen2,18,40187803481,0,0,10,0,0,100.0
Flyway,Scen2,19,2171428473,0,0,6,0,0,100.0
Flyway,Scen2,20,5302864954,0,0,2,0,0,100.0
Flyway,Scen2,21,6820114309,0,0,3,0,0,100.0
Flyway,Scen2,22,2202156568,0,0,2,0,0,100.0
Flyway,Scen2,23,2102058071,0,0,3,0,0,100.0
Flyway,Scen2,24,3200615067,0,0,1,0,0,100.0
Flyway-R,Scen2,24,0,80327603,0,2,0,0,100.0
Flyway-R,Scen2,23,0,156503946,0,2,0,0,100.0
Flyway-R,Scen2,22,0,80014858,0,2,0,0,100.0
Flyway-R,Scen2,21,0,273628102,0,2,0,0,100.0
Flyway-R,Scen2,20,0,77737881,0,2,0,0,100.0
Flyway-R,Scen2,19,0,133855319,0,1,0,0,100.0
Flyway-R,Scen2,18,0,21943456581,0,54,0,0,100.0
Flyway-R,Scen2,17,0,115241978,0,1,0,0,100.0
Flyway-R,Scen2,16,0,179095867,0,1,0,0,100.0
Flyway-R,Scen2,15,0,272002188,0,1,0,0,100.0
Flyway,Scen2,15,1859710607,0,0,13,0,0,100.0
Flyway,Scen2,16,2083115971,0,0,3,0,0,100.0
Flyway,Scen2,17,2089780341,0,0,3,0,0,100.0
Flyway,Scen2,18,39788087888,0,0,10,0,0,100.0
Flyway,Scen2,19,2064747218,0,0,6,0,0,100.0
Flyway,Scen2,20,3648672904,0,0,2,0,0,100.0
Flyway,Scen2,21,1954268807,0,0,3,0,0,100.0
Flyway,Scen2,22,2232555410,0,0,2,0,0,100.0
Flyway,Scen2,23,2035993034,0,0,3,0,0,100.0
Flyway,Scen2,24,3239237200,0,0,1,0,0,100.0
Flyway-R,Scen2,24,0,78149765,0,2,0,0,100.0
Flyway-R,Scen2,23,0,90405635,0,2,0,0,100.0
Flyway-R,Scen2,22,0,76476656,0,2,0,0,100.0
Flyway-R,Scen2,21,0,87059646,0,2,0,0,100.0
Flyway-R,Scen2,20,0,78169374,0,2,0,0,100.0
Flyway-R,Scen2,19,0,88336336,0,1,0,0,100.0
Flyway-R,Scen2,18,0,24773159029,0,54,0,0,100.0
Flyway-R,Scen2,17,0,101205485,0,1,0,0,100.0
Flyway-R,Scen2,16,0,117064448,0,1,0,0,100.0
Flyway-R,Scen2,15,0,1293085877,0,1,0,0,100.0
Flyway,Scen2,15,1907015213,0,0,13,0,0,100.0
Flyway,Scen2,16,1974510244,0,0,3,0,0,100.0
Flyway,Scen2,17,2012547422,0,0,3,0,0,100.0
Flyway,Scen2,18,40407286209,0,0,10,0,0,100.0
Flyway,Scen2,19,2139081365,0,0,6,0,0,100.0
Flyway,Scen2,20,3328981945,0,0,2,0,0,100.0
Flyway,Scen2,21,2091906370,0,0,3,0,0,100.0
Flyway,Scen2,22,2575521346,0,0,2,0,0,100.0
Flyway,Scen2,23,3281191471,0,0,3,0,0,100.0
Flyway,Scen2,24,3133530637,0,0,1,0,0,100.0
Flyway-R,Scen2,24,0,81606236,0,2,0,0,100.0
Flyway-R,Scen2,23,0,105155023,0,2,0,0,100.0
Flyway-R,Scen2,22,0,78851941,0,2,0,0,100.0
Flyway-R,Scen2,21,0,87004596,0,2,0,0,100.0
Flyway-R,Scen2,20,0,76427658,0,2,0,0,100.0
Flyway-R,Scen2,19,0,94854615,0,1,0,0,100.0
Flyway-R,Scen2,18,0,22213529431,0,54,0,0,100.0
Flyway-R,Scen2,17,0,119561913,0,1,0,0,100.0
Flyway-R,Scen2,16,0,151760862,0,1,0,0,100.0
Flyway-R,Scen2,15,0,268224190,0,1,0,0,100.0
Flyway,Scen2,15,1998963035,0,0,13,0,0,100.0
Flyway,Scen2,16,1992182007,0,0,3,0,0,100.0
Flyway,Scen2,17,1999493369,0,0,3,0,0,100.0
Flyway,Scen2,18,40729831560,0,0,10,0,0,100.0
Flyway,Scen2,19,2096526014,0,0,6,0,0,100.0
Flyway,Scen2,20,2722908906,0,0,2,0,0,100.0
Flyway,Scen2,21,2100132249,0,0,3,0,0,100.0
Flyway,Scen2,22,2083392362,0,0,2,0,0,100.0
Flyway,Scen2,23,2036960532,0,0,3,0,0,100.0
Flyway,Scen2,24,3148204033,0,0,1,0,0,100.0
Flyway-R,Scen2,24,0,78822629,0,2,0,0,100.0
Flyway-R,Scen2,23,0,89125044,0,2,0,0,100.0
Flyway-R,Scen2,22,0,78052606,0,2,0,0,100.0
Flyway-R,Scen2,21,0,87781146,0,2,0,0,100.0
Flyway-R,Scen2,20,0,78343956,0,2,0,0,100.0
Flyway-R,Scen2,19,0,88262872,0,1,0,0,100.0
Flyway-R,Scen2,18,0,23206674299,0,54,0,0,100.0
Flyway-R,Scen2,17,0,103750541,0,1,0,0,100.0
Flyway-R,Scen2,16,0,118746829,0,1,0,0,100.0
Flyway-R,Scen2,15,0,1302333122,0,1,0,0,100.0
Flyway,Scen2,15,1921291207,0,0,13,0,0,100.0
Flyway,Scen2,16,2041546265,0,0,3,0,0,100.0
Flyway,Scen2,17,2088032575,0,0,3,0,0,100.0
Flyway,Scen2,18,39430265921,0,0,10,0,0,100.0
Flyway,Scen2,19,2217465970,0,0,6,0,0,100.0
Flyway,Scen2,20,3279569674,0,0,2,0,0,100.0
Flyway,Scen2,21,2283561745,0,0,3,0,0,100.0
Flyway,Scen2,22,2352940729,0,0,2,0,0,100.0
Flyway,Scen2,23,2231075854,0,0,3,0,0,100.0
Flyway,Scen2,24,4107826639,0,0,1,0,0,100.0
Flyway-R,Scen2,24,0,80376624,0,2,0,0,100.0
Flyway-R,Scen2,23,0,90152850,0,2,0,0,100.0
Flyway-R,Scen2,22,0,79424211,0,2,0,0,100.0
Flyway-R,Scen2,21,0,91227229,0,2,0,0,100.0
Flyway-R,Scen2,20,0,78509269,0,2,0,0,100.0
Flyway-R,Scen2,19,0,91385183,0,1,0,0,100.0
Flyway-R,Scen2,18,0,22853307098,0,54,0,0,100.0
Flyway-R,Scen2,17,0,113963790,0,1,0,0,100.0
Flyway-R,Scen2,16,0,172743801,0,1,0,0,100.0
Flyway-R,Scen2,15,0,301405023,0,1,0,0,100.0
